,Year,Title_English,Episodes,Popularity,Aired,Aired On,Duration,Genres,Tags,Summary,Title_Korean,Also Known As,Content Rating,Score_Votes,Score,Ranked,Watchers
0,2023,High Cookie (2023),20,1638,"Oct 23, 2023 - Nov 23, 2023",,34 min.,"['Thriller', 'Mystery', 'Youth', 'Fantasy']","['Bully Supporting Character', 'Student Supporting Character', 'Student Female Lead', 'Student Male Lead', 'School Setting', 'Protective Female Lead', 'Factory Worker Female Lead', 'Consultant Supporting Character', 'Consultant Male Lead', 'Part-time Worker Female Lead']","A teen fantasy thriller drama that tells the story of people attempting to get out of the quicksand caused by a dangerous and harmful cookie that makes their wishes into reality with just one bite. After losing her parents in an unfortunate accident, Choi Soo Young has to take care of her three years younger sister. When she became 18 years old, she became the breadwinner of her family. She gave up on high school and began working at a factory, taking up several odd part-time jobs to provide for herself and her younger sister. However, one day her sister gets into trouble caused by a homemade cookie, and she risks everything to protect her. Seo Ho Su is a 3rd year student at Junghan High School, the best private school in South Korea. His mother is battling cancer, while his father disappeared a long time ago. Despite his personal problems, he tries to focus only on his studies, but often becomes a victim of his rich classmates, who think of him as a pushover that is at their disposal. Yoo Seong Pil is a mysterious underground college admissions consultant. He uses any means necessary, even illegal, to help his students enter the university they wish for. Although nobody asked him to, he goes to Junghan High School to take a consultant position for the entire 3rd grade class, and he slowly starts to reveal his true intentions after entering said school... (Source: Korean = Namu.Wiki || Translation = MyDramaList)",하이쿠키,"Hai Kuki , Haikuki , Hi Cookie , Привет, печенька , היי קוקי , كعك غريب , 하이 쿠키",18+ Restricted (violence & profanity),2440,7.3,8082,15709
1,2023,Strangers Again (2023),12,1515,"Jan 18, 2023 - Feb 23, 2023","Wednesday, Thursday",1 hr. 10 min.,"['Law', 'Romance', 'Drama']","[""Bickering Mains' Relationship"", 'Ex-spouse Relationship', ""Unhealthy Mains' Relationship"", 'Second Chance Romance', 'Love/Hate Relationship', ""Co-workers' Relationship"", 'Miscommunication', 'Slight Comedy', 'Secondary Couple', 'Flashback To Past']","Divorce lawyer Oh Ha Ra, known as the “goddess of litigation,” unexpectedly reunites with her ex-husband and fellow lawyer, Goo Eun Beom, in court. Forced to work together, old conflicts resurface, creating tension both professionally and personally. Adding to the chaos, their colleagues Kang Bi Chwi and Kwon Si Wook also clash constantly. Will love find its way back, or will the courtroom turn into a battlefield? (Source: MyDramaList)",남이 될 수 있을까?,"Can I Be Someone Else , Can I Be Someone Else? , Can We Be Strangers? , Estranhos Novamente , Nami Doel Su Isseulkka?",15+ - Teens 15 or older,5187,7.2,9766,17025
2,2023,Hello! This Is Starbucks (2023),19,99999,"Jun 20, 2023 - Jul 27, 2023","Tuesday, Wednesday, Thursday",1 min.,['Life'],"['Café Setting', 'Short Length Series', 'Web Series']","This web drama deals with a theme based on the daily life that the new partner protagonist faces after joining the company against the backdrop of a Starbucks actual store. It shows various stories related to relations between the Starbucks crew and customers, such as types of customer orders, cases of call my name, how partners worked, and benefits of using Starbucks cards and loyalty programs. (Source: Korean = Shinsegaegroupnewsroom.com || Translation = MyDramaList)",안녕하세요! 스타벅스입니다,Annyeonghaseyo! Seutabeokseuibnida,Not Yet Rated,5,5.9,99999,105
3,2023,Adult Kids (2023),8,9473,"Jun 19, 2023 - Aug 7, 2023",Monday,10 min.,"['Life', 'Drama']","['Female Centered Plot', 'Short Length Series', 'Miniseries', 'Web Series']",A hyper-realistic drama depicting the daily lives of clumsy women in their 30s in the fashion industry and their joys and sorrows at work. (Source: HanCinema),어른애들,"Crianças Adultas , Eoreunaedeul , The Adult Like , Дорослі діти",Not Yet Rated,181,7.1,10086,1250
4,2023,My Demon (2023),16,40,"Nov 24, 2023 - Jan 20, 2024","Friday, Saturday",1 hr. 6 min.,"['Action', 'Comedy', 'Romance', 'Fantasy']","['Demon Male Lead', 'Supernatural', 'Heiress Female Lead', 'Supernatural Power', 'Sassy Female Lead', 'Contract Relationship', 'Rich Female Lead', 'Age Gap [Real Life]', 'Orphan Female Lead', 'Interspecies Romance']","Do Do Hee is the successor of the Future Group. She doesn’t trust in anyone and is cynical about love. Do Do Hee gets involved with a demon named Jung Gu Won and makes a contract marriage with him. He can live for eternity by making dangerous, but sweet deals with humans who endure hellish lives. But after looking down upon humans for 200 years, he gets involved with Do Do Hee and somehow loses his power. To prevent his own extinction, he must protect Do Do Hee who has taken all of his power. (Source: AsianWiki; edited by MyDramaList)",마이데몬,"Demonul Șarmant , Maidemon , Meu Demônio Favorito , Moj voljeni demon , Okouzlující démon , Мій коханий демон , Мой демон , השד שלי , صفقتي مع الشيطان , ปีศาจของฉัน",15+ - Teens 15 or older,97628,8.3,1177,165957
5,2023,The Matchmakers (2023),16,1091,"Oct 30, 2023 - Dec 25, 2023","Monday, Tuesday",1 hr. 10 min.,"['Historical', 'Comedy', 'Romance']","['Matchmaking', 'Joseon Dynasty', 'Matchmaker Female Lead', 'Widow Female Lead', 'Widower Male Lead', 'Historical Fiction', 'Teamwork', 'Breaking The Fourth Wall', 'Flashback To Past', 'Grumpy Male Lead']","Sim Jung Woo is an intelligent and handsome young man. He was the youngest to place first in the state examination, but he was picked to become the princess' husband. During their wedding ceremony, the princess suddenly died. Sim Jung Woo's life changed and he became the most unfortunate man. According to the Joseon period custom, he is not able to take the government post and he can't remarry. He then becomes involved with Jung Soon Deok. Jung Soon Deok is a widow whose late husband was the second son of the first vice-premier. She secretly leads another life under the pseudonym of Yeo Joo Daek. As Yeo Joo Daek, she works as a matchmaker and also peddler of women's items like cosmetics and accessories. She is the best matchmaker in the capital city of Hanyang. Sim Jung Woo and Jung Soon Deok become involved with each other and they try to get older single men and women to marry as matchmakers. (Source: AsianWiki)",혼례대첩,"Hoonryedaecheop , I Send Myself to You , Marriage Battle , Neoege Nareul Bonaenda , Os Casamenteiros , Sending Me to You , The Battle of Marriage , The Matchmaker , The Wedding Battle , Wedding Contest , Битва за шлюб , زواج بأمر ملكي , 婚禮大捷 , 너에게 나를 보낸다",15+ - Teens 15 or older,7194,7.9,3366,22872
6,2023,D.P. Season 2 (2023),6,464,"Jul 28, 2023",Friday,50 min.,"['Action', 'Military', 'Drama']","['Male Centered Plot', 'Bromance', 'Post-traumatic Stress Disorder (PTSD)', 'Soldier Male Lead', 'Fight For Justice', 'Black Comedy', 'Noir', 'Adapted From A Webtoon', 'Military Violence', 'Graphic Violence']","This unfolding story ensues when military desertion arrest squad members (DP), Jun Ho and Ho Yeol, run across absurdities and unchangeable reality on a regular basis. (Source: Namuwiki; Edited by Krystale Mitaesa at MyDramaList) ~~ Adapted from the webtoon ""D.P Dog Day"" (D.P 개의 날) by Kim Bo Tong (김보통).",디피 시즌2,"D.P Dog Day 2º temporada , D.P Gaeui Nal 2 , D.P 개의 날 2 , Day of the Dog 2 , Deserter Pursuit Dog Day 2 , Dezertér – 2. řada , หน่วยล่าทหารหนีทัพ ซีซั่น 2 , 디피 2",15+ - Teens 15 or older,23904,8.7,267,44049
7,2023,Longing for You (2023),14,2113,"Jul 26, 2023 - Sep 7, 2023","Wednesday, Thursday",1 hr. 10 min.,"['Action', 'Thriller', 'Mystery', 'Drama']","['Revenge', 'Hot-Tempered Male Lead', 'Mother-Son Relationship', 'Murder', 'Investigation', 'Crime Against Morality', 'Sexual Violence', 'Emotionally Strong Male Lead', 'Professional Male Lead', ""Childhood Friends' Relationship""]","A detective investigating a serial murder case uncovers a hidden family secret. Jin Sung, a cheerful but hot-tempered detective, is transferred to a special team in Seoul for the case. He teams up with Young Ju, a skilled prosecutor, to find the real killer. However, Jin Sung’s brother, Jin Woo, is arrested as a suspect. (Source: MyDramaList)",오랫동안 당신을 기다렸습니다,"I Have Waited a Long Time for You , I’ve Been Waiting for You for a Long Time , Oraesdongan Dangsineul Kidaryeossseubnida",15+ - Teens 15 or older,3049,7.8,3811,11459
8,2023,Intern (2023),8,99999,"Jun 10, 2023 - Aug 10, 2023",,6 min.,['Drama'],"['Short Length Series', 'Miniseries', 'Web Series']",,인턴,Inteon,Not Yet Rated,0,0.0,99999,9
9,2023,Why R U? (2023),8,1111,"Aug 24, 2023 - Sep 14, 2023",Thursday,30 min.,"['Comedy', 'Romance', 'Youth', 'Drama']","['LGBTQ+', 'MDL Remake', 'Gay Romance', 'Secondary Couple', 'University', 'Miniseries', 'Student Male Lead', ""Classmates' Relationship"", 'Performing Arts', 'Enemies To Lovers']","Jung Lee Won, a university student majoring in acting, has a rivalry with Kim Ji Oh, a directing major. Despite their constant bickering, they often have to work together. Unbeknownst to Jung, his younger sister is writing a web novel where he and Kim Ji Oh are lovers. When he discovers her secret, he vows that if he secretly likes Kim Ji Oh, the novel’s storyline should come true. As they spend more time together, Jung begins to question if his feelings for his enemy are becoming something more. (Source: MyDramaList)",와이알유,"Why R U the Series , Why R U? Korean Remake",Not Yet Rated,11601,7.3,8207,22571
10,2023,Doona! (2023),9,197,"Oct 20, 2023",Friday,50 min.,"['Romance', 'Youth', 'Drama']","['Idol Female Lead', 'Warm Male Lead', 'Share House Setting', 'Former Celebrity Female Lead', 'Singer Female Lead', 'Student Male Lead', 'Selfish Female Lead', 'Miniseries', 'Naive Male Lead', 'Steamy Kiss']","Du Na, a member of the girl group Dream Sweet, suddenly leaves the group one day and ends up living in the same share house as Won Jun, a college student. Du Na mistakes him for being her sasaeng fan, and Won Jun does not know who she is. They become curious about each other. (Source: Korean = Netflix Korea || Translation = MyDramaList) ~~ Adapted from the webtoon ""The Girl Downstairs"" (이두나!) by Min Song Ah (민송아).",이두나!,"Lee Doo Na! , Lee Du Na! , The Girl Downstairs",15+ - Teens 15 or older,42553,7.7,4975,76602
11,2023,Love to Hate You (2023),10,182,"Feb 10, 2023",Friday,52 min.,"['Comedy', 'Law', 'Romance']","['Badass Female Lead', 'Enemies To Lovers', 'Actor Male Lead', 'Famous Male Lead', 'Entertainment Industry', 'Aggressive Female Lead', 'Social Issues', 'Skilled Fighter', 'Lawyer Female Lead', 'Gender Discrimination']","Yeo Mi Ran works as a novice lawyer at Gilmu Law Firm, a company that primarily serves the entertainment industry. She has no interest in pursuing a romantic relationship and detests losing to men in any competition. Nam Gang Ho, a renowned actor in the entertainment industry, is widely popular in South Korea owing to his good looks, intellect, and benevolent nature. While he is in high demand for romantic movie roles, he doesn't have much faith in women. Despite their shared disbelief in love, Yeo Mi Ran and Nam Gang Ho find themselves engaged in a romantic battle. (Source: MyDramaList)",연애대전,"Batalha De Amor , Batalla de amor , Láska z nenávisti , Love Battle , Love Wars , Yeonaedaejeon , Любовная битва , أحبّ كرهي لك",15+ - Teens 15 or older,49570,8.4,782,80012
12,2023,Couple Scandal Season 2 (2023),12,99999,"Sep 16, 2023 - Dec 2, 2023",,46 min.,[],[],,부부스캔들 시즌2,"Couple Scandal 2 , Bubu Seukaendeul 2 , Bubu Seukaendeul Sijeun 2 , 부부스캔들2",15+ - Teens 15 or older,0,0.0,99999,4
13,2023,Race (2023),12,4721,"May 10, 2023 - Jun 14, 2023",Wednesday,58 min.,"['Business', 'Romance', 'Drama', 'Melodrama']","['Assistant Manager Female Lead', ""Co-workers' Relationship"", ""Childhood Friends' Relationship"", 'Workplace Setting', 'Office Setting', 'Senior-Junior Relationship', 'Bartender Supporting Character', 'Teenager Supporting Character', 'Company President (CEO) Supporting Character', 'Company President (CEO) Male Lead']","Office politics take center stage for marketer Park Yun Jo, whose lack of an academic background won’t deter her dedication to her work, and the smart and just Ryu Jae Min, who lacks any expectations towards their company. (Source: Korean = Naver || Translation = MyDramaList)",레이스,"Due contro tutti , Reiseu , Vencer na Vida , Závod",Not Yet Rated,840,7.2,9824,3940
14,2023,Boyhood (2023),10,1150,"Nov 24, 2023 - Dec 22, 2023",Friday,60 min.,"['Action', 'Thriller', 'Comedy', 'Youth']","['Stolen Identity', 'Violence', 'Double Identity', 'School Bullying', 'Friendship', 'High School', '1980s', 'Gang', 'Web Series', 'Character Development']","Set in the backdrop of the mid-to-late 1980s, the drama tells the story of students at an agricultural high school in Chungcheong Province. Jang Byung Tae is a small and weak boy living in Onyang in South Chungcheong Province. He is at the bottom of the school’s social ladder so he transfers to the neighboring Buyeo Agricultural High School. There, he faces an unexpected incident that becomes a turning point in his life. (Source: Soompi)",소년시대,"Boys' Generation , Crouching Tiger, Hidden Dragon , Once Upon a Boyhood , Sonyeonsidae",Not Yet Rated,7389,8.5,635,21959
15,2023,Divorce Attorney Shin (2023),12,1592,"Mar 4, 2023 - Apr 9, 2023","Saturday, Sunday",1 hr. 7 min.,"['Law', 'Drama']","['Adapted From A Webtoon', ""Best Friends' Relationship"", 'Lawyer Male Lead', 'Dysfunctional Family', 'Going Through A Divorce', 'Flashback To Past', 'Friendship', 'Law Firm Setting', 'Pianist Male Lead', 'Attorney Male Lead']","Meet Shin Sung Han, a divorce lawyer with a talent for settling even the most complicated cases. His name, which amusingly means ""sacred"" in Korean, seems at odds with the messy situations he has to deal with on a daily basis. But Shin Sung Han finds solace in the company of his two closest friends, Jang Hyung Geun and Jo Jung Sik, who are fellow ""40-year-old youths."" Despite the challenges he faces with his clients, Shin Sung Han continues to excel in his field with his expertise and sensitivity. (Source: Soompi; edited by CK Warrior at MyDramaList) ~~ Adapted from the webtoon “Sacred Divorce” (신성한 이혼).",신성한 이혼,"Adwokat Rozwodowy Shin , Divine Divorce , Il Divorzista , O Advogado de Divórcio , Rozvodový právník Šin , Sacred Divorce , Shin, abogado de divorcios , Sinseonghan Ihon , Священный развод , Шін, адвокат із розлучень , شين: محامي الطلاق",15+ - Teens 15 or older,7564,8.2,1401,16254
16,2023,Those Who Pass Through Gimpo City (2023),3,99999,"Feb 10, 2023 - Mar 17, 2023",,8 min.,['Comedy'],"['Short Length Series', 'Miniseries', 'Web Series']",,김포시 통하는 그들,Gimposi Tonghaneun Geudeul,Not Yet Rated,0,0.0,99999,7
17,2023,The Story of Park's Marriage Contract (2023),12,383,"Nov 24, 2023 - Jan 6, 2024","Friday, Saturday",1 hr. 10 min.,"['Historical', 'Mystery', 'Romance', 'Fantasy']","['Fashion Designer Female Lead', 'Secretary Supporting Character', ""Half-brothers' Relationship"", 'Korean Fashion', 'Fake Marriage', 'Contract Relationship', 'Time Travel', 'Rich Male Lead', 'Adapted From A Web Novel', ""Best Friends' Relationship""]","On her wedding night in the 19th century, Park Yeon U’s husband dies, revealing a long-time heart condition. Devastated, she’s then kidnapped and thrown into a well. When she wakes up, she’s in modern-day Seoul, where a man who looks exactly like her deceased husband saves her. This man, Kang Tae Ha, is a corporate heir with a traumatic past and a heart condition. He avoids relationships but agrees to a contract marriage with Yeon U to fulfill his dying grandfather’s wish to see him married. (Source MyDramaList) ~~ Adapted from the web novel ""The Story of Park's Marriage Contract"" (열녀박씨 계약결혼뎐) written by Kim Neo Ul (김너울) and illustrated by B.",열녀박씨 계약결혼뎐,"A História do Contrato de Casamento de Park , Lady Virtue's Contract Marriage , Le mariage contracté par Park , Park's Contract Marriage Story , The Tale of Park Yeon Woo , The Tale of the Contract Marriage of the Yeolnyeo Park Clan , The Virtuous Woman Park Got Married by Contract , Yeolnyeo Bakssi Gyeyak Gyeolhondyeon , История контрактного брака Парка , Шлюб за контрактом пані Пак , قصة عقد زواج بارك",15+ - Teens 15 or older,24212,8.2,1384,50457
18,2023,Youth on the Road (2023),3,99999,"Nov 16, 2023 - Nov 30, 2023",Thursday,10 min.,['Comedy'],"['Short Length Series', 'Miniseries', 'Web Series', 'Friendship']","“We’ll help you to celebrate your 100-day anniversary!” But... you don’t even know your girlfriend’s face?! The trio's wanderings in Miryang for his first love! ""Will I be able to find the girlfriend I dreamed of?"" (Source: Korean = 콬TV YouTube || Translation = MyDramaList)",청춘유랑단,"Cheongchun Yurangdan , Youth Wandering Group",Not Yet Rated,7,6.8,99999,91
19,2023,Love Tractor (2023),8,879,"Jun 7, 2023 - Jun 21, 2023",Wednesday,25 min.,"['Comedy', 'Romance', 'Life']","['Countryside Setting', 'Gay Male Lead', 'Nice Male Lead', 'Innocent Male Lead', 'Farmer Male Lead', 'Cheerful Male Lead', 'Gay Romance', 'Calm Male Lead', 'Adapted From A Webtoon', 'LGBTQ+']","Seon Yul, a temporarily relocated city man, meets Ye Chan, a rural man who adores the countryside. Seon Yul comes to the countryside to experience life knowing nothing about farming and Ye Chan appears before him. As Seon Yul learns to adapt to rural living and engage in farming activities, he becomes increasingly attracted to Ye Chan's sincerity and enthusiasm. Together, the two embark on a chaotic and romantic countryside journey of healing and love. (Source: iQIYI) ~~ Adapted from the webtoon ""Love Tractor"" (트랙터는 사랑을 싣고) written by Hmm Yong Yong (흠념뇸) and illustrated by AngryMonster (앵몬).",트랙터는 사랑을 싣고,"A Tractor Loaded with Love , Teuraegteoneun Sarangeul Sidgo , Tractor Full of Love",13+ - Teens 13 or older,15527,7.8,4012,27383
20,2023,We Only See Each Other at Night (2023),12,99999,"Jan 16, 2023 - Apr 16, 2023",,8 min.,"['Romance', 'Drama']","['Short Length Series', 'Web Series']",,밤에만 보는 사이,"Bameman Boneun Sai , I Only See You at Night , Only Seeing Each Other at Night",Not Yet Rated,14,6.4,35579,194
21,2023,Twinkling Watermelon (2023),16,18,"Sep 25, 2023 - Nov 14, 2023","Monday, Tuesday",1 hr. 10 min.,"['Romance', 'Youth', 'Drama', 'Fantasy']","['Time Travel', 'Child From The Future', 'Deafness', 'Sign Language', 'Father-Son Relationship', '1990s', 'Music', 'Coming Of Age', 'Friendship', 'Comedy']","In 2023, high school student Eun Gyeol, a CODA with a passion for music, leads a double life as a model pupil by day and a guitarist by night. When he discovers a mysterious music store, he's unexpectedly transported back to 1995, where he meets his father, Ha I Chan, as a high schooler. I Chan doesn't recognize him and is infatuated with a cellist, Se Gyeong, not Eun Gyeol's mother, Cheong A. To set things right, Eun Gyeol joins a band led by I Chan, hoping to reunite his future parents and return to the present. (Source: MyDramaList)",반짝이는 워터멜론,"Banjjagineun Woteomellon , Shining Watermelon , Sparkling Watermelon",15+ - Teens 15 or older,104265,9.2,23,208093
22,2023,Last Taxi (2023),5,99999,"Apr 26, 2023 - May 3, 2023",Wednesday,10 min.,"['Drama', 'Sci-Fi', 'Supernatural']","['Short Length Series', 'Supernatural Being', 'Future', 'Miniseries', 'Artificial Intelligence', 'Robot', 'Web Series', 'Ghost']","In an increasingly personalized and harsh world, when humans cannot comfort humans, will there be a day when they get comfort through artificial intelligence? Artificial intelligence (AI) that cannot feel human emotions and a ghost whose life as a human has ended, meet and talk about the life of humans. (Source: HanCinema)",라스트 택시,"Raseuteu Taeksi , 라스트택시",15+ - Teens 15 or older,0,0.0,99999,175
23,2023,That Is How We Are (2023),5,99999,"May 31, 2023 - Jul 5, 2023",,8 min.,"['Romance', 'Drama']","['Short Length Series', 'Miniseries', 'Web Series']",,그렇게 우리는,Geureohge Urineun,Not Yet Rated,0,0.0,99999,6
24,2023,Live Your Own Life (2023),51,3666,"Sep 16, 2023 - Mar 17, 2024","Saturday, Sunday",1 hr. 5 min.,"['Romance', 'Family', 'Melodrama']","['Irresponsible Parent', 'Selfish Sibling', 'Starting Over', 'Healthy Mains’ Relationship', 'Supportive Male Lead', 'Dysfunctional Family', 'Bantering Relationship', 'Birth Secret', 'Multiple Couples', 'Slow Burn Romance']","Hyo Sim, a dedicated personal trainer at TS Fitness, is burdened by her family's demands. As the only daughter among four siblings, she handles their problems while receiving little support, even from her mother. When meticulous new gym member Kang Tae Ho enters her life, he inspires her to reclaim control and pursue her own happiness. (Source: MyDramaList)",효심이네 각자도생,"Hyo Shim’s Independent Life , Hyosimine Gakjadosaeng , Separate Lives at Hyosim's , Viva Sua Própria Vida",15+ - Teens 15 or older,1229,7.2,9095,5689
25,2023,A Time Called You (2023),12,189,"Sep 8, 2023",Friday,60 min.,"['Thriller', 'Mystery', 'Romance', 'Fantasy']","['Time Travel', 'Doppelganger', 'Transmigration', 'Butterfly Effect', 'Nice Male Lead', 'Time Altering', 'Time Loop', 'Friends To Lovers', 'First Love', 'Unrequited Love']","Han Jun Hee's boyfriend Koo Yeon Jun died one year ago. She still hasn't gotten over his death and misses him a lot. One day, she somehow travels back in time to the year 1998 and finds herself as high school student Kwon Min Joo. There, she meets high school student Nam Si Heon. She is surprised to see how much Nam Si Heon resembles her late boyfriend Koo Yeon Jun. Nam Si Heon is outgoing and attractive; girls adore him. His best friend Jung In Kyu develops a crush on Kwon Min Joo. (Source: AsianWiki; edited by MyDramaList)",너의 시간 속으로,"Into Your Time , Naegero Wajwo , Neoui Sigan Sokeuro , Please Come to Me , Sang Gyeon Ni , Sanggyeonni , Someday or One Day , 내게로 와줘 , 상견니",15+ - Teens 15 or older,37739,8.4,919,78426
26,2023,KBS Drama Special 2023,10,15344,"Oct 14, 2023 - Dec 16, 2023",Saturday,1 hr. 7 min.,"['Romance', 'Drama']","[""Childhood Friends' Relationship"", ""Best Friends' Relationship"", 'Gay Male Lead', 'Secret Crush', 'Anthology', 'LGBTQ+', 'Joseon Dynasty', 'Friendship', 'Unrequited Love', 'Love Triangle']","Story 1: ""No Path Back"" (극야) Director: Jang Min Seok (장민석) | Screenwriter: Choi Ja Won (최자원) Story 2: ""Half Lies"" (반쪽짜리 거짓말) Director: Lee Hyung Kyung (이현경) | Screenwriter: Yoon Tae Woo (윤태우) Story 3: ""Shoot for Love"" (도현의 고백) Director: Seo Yong Soo (서용수) | Screenwriter: Jo Il Yeon (조일연) Story 4: ""Anyone Anywhere"" (우리들이 있었다) Director: Ham Young Gul (함영걸) | Screenwriter: Yoon Tae Woo (윤태우) Story 5: ""Dog Days of Summer"" (폭염주의보) Director: Jang Min Seok (장민석) | Screenwriter: Choi Yi Kyung (최이경) Story 6: ""The True Love of Madam"" (마님은 왜 마당쇠에게 고기를 주었나) Director: Ham Young Geol (함영걸) | Screenwriter: Wee Jae Hwa (위재화) Story 7: ""Love Attack"" (고백공격) Director: Lee Hyun Kyung (이현경) | Screenwriter: Choi Yi Kyung (최이경) Story 8: ""Overlap Knife, Knife"" (겹칼) Director: Seo Yong Soo (서용수) | Screenwriter: Kwon Oh Joo (권오주) >> TV Cinema << Story 9: ""Behind the Shadows"" (그림자 뒤에서) Director: Lee Dae Kyung (이대경) | Screenwriter: Park Eun Seo (박은서) Story 10: ""Joseon Chefs"" (수운잡방) Director: Choi Yeon Soo (최연수) | Screenwriter: Jo Soo Yeong (조수영), Kim Ik Hyun (김익현) (Source: MyDramaList, AsianWiki, HanCinema, Wikipedia, NamuWiki)",KBS 드라마 스페셜 2023,"2023 KBS Drama Special , KBS Deurama Seupesyeol 2023 , KBS Drama Special de 2023 , KBS Drama Special Season 14",15+ - Teens 15 or older,53,7.9,15709,499
27,2023,Campus Freshman (2023),10,22929,"Mar 7, 2023 - Apr 5, 2023","Tuesday, Thursday",1 min.,"['Comedy', 'Youth']","['Student Supporting Character', 'Student Female Lead', 'School Setting', 'Young Adult Female Lead', 'Short Length Series', 'University', 'Miniseries', 'Web Series', 'Friendship']","Hyper-realistic empathy drama in which a freshman, Yeo Joo, in the design department of the 23rd class travels through campus with various 'concepts' to live her new life. (Source: Korean = Naver || Translation = MyDramaList)",캠퍼스 갓생러,"Campus Gatsaengreo , Kaempeoseu Gatsaengreo",Not Yet Rated,13,6.3,36382,217
28,2023,A Breeze of Love (2023),8,891,"Nov 10, 2023",Friday,18 min.,"['Romance', 'Sports']","['High School Crush', 'Gay Romance', 'Insomnia', 'Meet Again', 'Flashback To Past', 'University', 'Basketball', 'Basketball Player Male Lead', 'Athlete Male Lead', 'Gay Male Lead']","Do Hyeon, captain of the basketball team, is preparing for the championship when team manager Hye In brings in Dong Uk, his first love, to replace an injured player. They reconnect after years apart, having shared a past in high school. After a bet in a game, Dong Uk wins and suggests they live together. Though hesitant, Do Hyeon agrees, and as they spend time together, they begin to rebuild their relationship. (Source: MyDramaList) ~~ Adapted from the webtoon ""Weather Forecast Love"" (일기예보적연애) written by Gwendolyn (그웬돌린) and illustrated by Samyoung (삼영).",일기예보적연애,"Ilgiyebojeokyeonae , Weather Forecast Love",13+ - Teens 13 or older,15442,7.7,4294,27273
29,2023,Super Junior: The Last Man Standing (2023),2,12739,"Jan 18, 2023",Wednesday,50 min.,"['Music', 'Documentary']","['Pop Music', 'Interview', 'K-Pop', 'Miniseries', 'Super Junior']","It captures the story of Super Junior's birth and debut, from the intense trainee days through the beginning of the large project group 'Super Junior 05' that has never been seen before to today. In addition, the members of Super Junior, who are heading towards the 20th anniversary of their debut, will honestly reveal their true and inner feelings that they have never brought out to the world, revealing their days of growing up together in joy, pain, happiness, and despair. In particular, through the growth story of Super Junior, the global representative of Korean idols, both in name and reality, you can get a glimpse of the K-Pop industry. (Source: HanCinema)",슈퍼주니어: 더 라스트 맨 스탠딩,"Syupeojunieo: Deo Raseuteu Maen Seutaending , The Last Man Standing",13+ - Teens 13 or older,323,8.3,1313,714
30,2023,Soundtrack #2 (2023),6,1617,"Dec 6, 2023 - Dec 20, 2023",Wednesday,45 min.,"['Music', 'Romance', 'Drama']","['Ex-couple Relationship', 'Musician Female Lead', 'Company President (CEO) Male Lead', 'Meet Again', 'Second Chance Romance', 'Separated Lovers', 'Ex Comes Back', 'Passionate Female Lead', 'Tinnitus', ""Bickering Mains' Relationship""]","Ji Soo Ho, a young CEO, and Do Hyun Seo, a piano instructor who gave up her dreams, reconnect after six years. They begin piano lessons for personal reasons, while talented musician Kei joins Soo Ho's collaborative project, with Hyun Seo as a fellow collaborator. Tension arises as Soo Ho invites them to work at his house. As Soo Ho learns the reason Hyun Seo left him, Hyun Seo worries about his health, and Kei openly expresses his feelings for her. The two embark on a rocky romantic journey—will history repeat itself? (Source: MyDramaList)",사운드트랙#2,"Saundeuteuraek #2 , Soundtrack No. 2 , Soundtrack Number Two , Soundtrack Season 2 , Trilha Sonora #2 , Саундтрек №2",13+ - Teens 13 or older,6528,7.6,5837,15916
31,2023,Fling (2023),2,99999,"Sep 26, 2023 - Oct 27, 2023",,11 min.,['Drama'],"['Short Length Series', 'Miniseries', 'Web Series']",,플링,Peulring,Not Yet Rated,0,0.0,99999,13
32,2023,Delivery Man (2023),12,1600,"Mar 1, 2023 - Apr 6, 2023","Wednesday, Thursday",1 hr. 10 min.,"['Mystery', 'Comedy', 'Romance', 'Supernatural']","['Taxi Setting', 'Taxi Driver Male Lead', 'Ghost Female Lead', 'Ghost', 'Older Woman/Younger Man', 'Death', 'Ghost-seeing Male Lead', 'Amnesia', 'Investigation', 'Death Of A Mother']","Seo Young Min is a taxi driver who ends up with an unusual clientele - ghosts. Strangely, he finds himself exclusively ferrying these otherworldly passengers and granting their wishes. One day, Kang Ji Hyun boards Seo Young Min's taxi, but with a catch: she has no recollection of her past life and is unable to leave the vehicle. She takes it upon herself to become Seo Young Min's taxi's sales manager. Together, Seo Young Min and Kang Ji Hyun use the taxi to fulfill the wishes of various ghosts, even taking on the task of tracking down a serial killer. With the assistance of Do Kyu Jin, a handsome and diligent ER doctor, they try to prevent sinister events from occurring in the hospital. (Source: CK Warrior at MyDramaList)",딜리버리맨,"Dillibeolimaen , Entregador , Курьер",Not Yet Rated,5673,7.8,3636,16200
33,2023,Snow White and the Water Travel Agency (2023),5,99999,"May 19, 2023 - Jun 16, 2023",Friday,10 min.,"['Romance', 'Drama']","['Short Length Series', 'Miniseries', 'Web Series']",,백설공주와 수상헌 여행사,Baekseolgongjuwa Susangheon Yeohaengsa,Not Yet Rated,0,0.0,99999,10
34,2023,King the Land (2023),16,42,"Jun 17, 2023 - Aug 6, 2023","Saturday, Sunday",1 hr. 11 min.,"['Comedy', 'Romance']","['Hotel Setting', 'Hardworking Female Lead', 'Male Chases Female First', ""Best Friends' Relationship"", 'Workplace Setting', 'Rich Male Lead', 'Opposites Attract', 'Healthy Mains’ Relationship', 'Competent Female Lead', 'Nice Female Lead']","Heir Koo Won, known for his brilliance and charm, despises fake smiles but is captivated by Cheon Sa Rang’s genuine one. As they bond over their shared desire for true happiness, Koo Won is thrown into an inheritance battle at King of the Land, an exclusive lounge owned by The King Group. Cheon Sa Rang, with her radiant smile, lands a job at King Hotel, a place full of childhood memories. However, she must set those memories aside and quickly adapt to the challenges and prejudices she faces at work. (Source: MyDramaList)",킹더랜드,"King the Lander , Kingdeolaendeu , Království úsměvů , O Rei Da Terra , Sorriso Real , Uśmiech Losu , Король Земли , Посмішка для спадкоємця , מלך הארץ , صالة اللحظات السعيدة , คิง เดอะ แลนด์",15+ - Teens 15 or older,96455,8.3,1316,159534
35,2023,Our Blooming Youth (2023),20,762,"Feb 6, 2023 - Apr 11, 2023","Monday, Tuesday",1 hr. 20 min.,"['Historical', 'Mystery', 'Romance', 'Drama']","['Prince Male Lead', 'Wrongfully Accused', 'Investigation', 'Cross-Dressing', 'Slow Burn Romance', 'Star Crossed Lovers', 'Slight Comedy', 'Slow Burn Story', 'Bantering Relationship', 'Curse']","Min Jae I, a gentle and poised daughter of a prominent family, is engaged to the son of a powerful State Councillor. Devoting herself to learning everything she needs to know to become a good wife and mother, Jae I dutifully prepares for the future. Sadly, destiny has other plans for her future. Just days before her wedding, tragedy strikes when her family is brutally murdered, and Jae I is falsely accused of the crime. Amidst the turmoil, she crosses paths with the cursed crown prince, Yi Hwan, who agrees to help her in exchange for her assistance in breaking his curse. As they navigate their challenges together, Jae I and Yi Hwan begin to develop unexpected feelings for each other. But their love faces countless obstacles, including their pasts, their uncertain futures, and the threat of the curse. Can they overcome these challenges and find a way to be together? (Source: CK Warrior at MyDramaList) ~~ Adapted from the novel ""The Golden Hairpin"" (簪中录) by Ce Ce Qing Han (侧侧轻寒).",청춘월담,"Cheongchuniyeo Woldamhara , Cheongchunwoldam , Jamjunglog , Nossa Juventude Florescente , Sleep Memo , Sleeping Rock , The Golden Hairpin , The Tale of Youth , Youth Climbing Over the Wall , Youth Montly Talk , Youth, Climb the Barrier , Youth, Talk to the Moon , Наша цветущая юность , Повість юності , شبابنا المزهر , 잠중록 , 청춘이여 월담하라",15+ - Teens 15 or older,9981,8.1,1960,30311
36,2023,Bump Up Business (2023),8,1550,"Oct 20, 2023",Friday,15 min.,"['Music', 'Romance']","[""Co-workers' Relationship"", 'Idol Male Lead', 'Gay Male Lead', 'Gay Supporting Character', 'Gay Romance', 'Entertainment Industry', 'LGBTQ+', 'Nice Male Lead', 'Innocent Male Lead', 'Adapted From A Webtoon']","The story revolves around fifth-year trainee and soon-to-debut idol Eden and JiHoon, a celebrity from the same agency, and the love story between these two who are not good at expressing what they truly feel. (Source: kpopmap.com) ~~ Adapted from the webtoon ""Bump Up Business"" (범프 업 비즈니스) by RK Studio.",범프 업 비즈니스,"Beompeu Eob Bijeuniseu , Підняти бізнес , 범프업비즈니스",15+ - Teens 15 or older,7946,6.8,11977,16707
37,2023,Joseon Attorney: A Morality (2023),16,1357,"Mar 31, 2023 - May 20, 2023","Friday, Saturday",1 hr. 10 min.,"['Historical', 'Law', 'Romance', 'Drama']","['Joseon Dynasty', 'Revenge', 'Adapted From A Webtoon', 'Princess Female Lead', 'Lawyer Male Lead', 'Historical Fiction', 'Orphan Male Lead', 'Double Identity', 'Character Development', 'King Supporting Character']","Kang Han Su, a cunning lawyer who exploits clients for personal gain, gains a reputation as a hero among the public. Over time, he matures into an ethical lawyer, with his client Yi Yun Ju—initially seeking revenge—becoming an ally in his mission to uphold justice and defend the innocent. This transformation highlights Kang’s growth both professionally and personally. (Source: MyDramaList) ~~ Adapted from the webtoon “Joseon Lawyer” (조선변호사) written by Jeongjae & Shim Gun (정작가&심군).",조선변호사,"Joseon Attorney , Joseon Lawyer , Joseonbyeonhosa , Joseonský zastánce: Morálka , جوسون: محامي الشعب",15+ - Teens 15 or older,5058,7.9,2894,18940
38,2023,Taxi Driver Season 2 (2023),16,333,"Feb 17, 2023 - Apr 15, 2023","Friday, Saturday",1 hr. 10 min.,"['Action', 'Thriller', 'Mystery', 'Crime']","['Revenge', 'Teamwork', 'Graphic Violence', 'Skilled Fighter', 'Criminal Organization', 'Episodic Format', 'Organized Crime', 'Suspense', 'Smart Male Lead', 'Taxi Setting']","After disbanding, Do Gi and the Rainbow Deluxe Taxi crew reunite, unable to ignore their drive for justice. Joined by newcomer On Ha Jun, they take on more cases than ever, but a mysterious organization emerges, eliminating one of their targets before vanishing. As they investigate, the crew faces their most dangerous challenge yet. (Source: MyDramaList) ~~ Adapted from the webtoon ""The Deluxe Taxi"" (모범택시) by Carlos (까를로스) and Keukeu Jae Jin (크크재진).",모범택시 시즌2,"Mobeomtaeksi 2 , Model Taxi 2 , Taxi Driver 2 , Taxi Driver S2 , 모범택시2 , 모범택시시즌2",18+ Restricted (violence & profanity),28549,8.9,107,55704
39,2023,tvN O'PENing: Shoot Me (2023),2,14224,"Jul 13, 2023",Thursday,1 hr. 7 min.,"['Drama', 'Sports']","['Sharp-Shooting', 'Coach Supporting Character', 'Suspension', 'Female Rivalry', 'Different Timelines', 'Miniseries', 'Competition']","Gyu Jung was once a rifle genius but got involved in match-fixing in exchange for money to protect both her dream and her sick brother. However, she regrets this choice so much that she is stuck in the past and not able to move forward in her life. Seven years later, Gyu Jung slowly brings her longing for the rifle back to life, and with Da Un, her past rival, and Si Yun, her old fan, she gains the courage to start shooting the rifle again. (Source: TVDb) ~~ Release dates: Jul 13, 2023 (TVING) || Aug 27, 2023 (tvN)",나를 쏘다,"Nareul Ssoda , Perfect Shot , Shoot at Me",15+ - Teens 15 or older,122,7.6,18199,580
40,2023,Because We Are Different (2023),5,99999,"Oct 11, 2023 - Nov 8, 2023",,9 min.,"['Romance', 'Drama']","['Short Length Series', 'Miniseries', 'Web Series']",,달라서 우리는,Dalraseo Urineun,Not Yet Rated,0,0.0,99999,8
41,2023,Strong Girl Nam Soon (2023),16,250,"Oct 7, 2023 - Nov 26, 2023","Saturday, Sunday",1 hr. 10 min.,"['Action', 'Comedy', 'Romance', 'Supernatural']","['Superhuman Strength', 'Investigation', 'Mother-Daughter Relationship', 'Family Reunion', 'Undercover Operation', 'Organized Crime', 'Badass Female Lead', 'Teamwork', 'Death', 'Crime']","Kang Nam Sun, who has superhuman strength, went missing as a child in Mongolia. Now an adult, she arrives in Gangnam, Seoul, to find her parents and reunites with her mother, Hwang Geum Ju, a wealthy resident of the area. Hwang Geum Ju, who has also been gifted with superhuman strength, has spent years searching for her daughter while living a life focused on righteousness. Kang Nam Sun's grandmother, Gil Jung Gan, shares this same strength. The three women become involved in a drug case in Gangnam, working with Detective Kang Hui Sik, who also becomes attracted to Kang Nam Sun. (Source: MyDramaList)",힘쎈여자 강남순,"Himssenyeoja Kang Nam Soon , Strong Girl Kang Nam Soon , Strong Woman Kang Nam Soon , Strong Girl Namsoon",15+ - Teens 15 or older,30391,7.2,9356,64926
42,2023,Agency (2023),16,1906,"Jan 7, 2023 - Feb 26, 2023","Saturday, Sunday",1 hr. 5 min.,"['Business', 'Life', 'Drama']","['Workplace Setting', 'Office Setting', 'Teamwork', 'Hardworking Female Lead', 'Mental Illness', 'Cold Female Lead', 'Successful Female Lead', 'Orphan Female Lead', 'Office Worker Female Lead', 'Gender Inequality']","An office drama depicting a woman who became the first female executive in her group to make her career beyond her first to the highest position. In the background of an advertising agency, it contains realistic stories of the daily lives of those who live a life like war and behind the scenes in the industry. (Source: Korean = Naver || Translation = MyDramaList)",대행사,"(Advertising) Agency , (Gwanggo) Daehaengsa , (광고)대행사 , Ad Agency , Daehaengsa , Агентство , وكالة الإعلانات",Not Yet Rated,4548,8.2,1682,13060
43,2023,Welcome to the Lesbian Bar (2023),5,14041,"Mar 18, 2023 - Mar 22, 2023",Saturday,6 min.,"['Romance', 'Life']","['Bar Setting', 'Female Centered Plot', 'Bartender Female Lead', 'Miniseries', 'Part-time Worker Supporting Character', 'Short Length Series', 'LGBTQ+', 'Web Series', 'Lesbian Female Lead', 'Lesbian Romance']","The lives of seven queer women intersect at a local lesbian bar as they meet, part, and share their colourful stories over a variety of equally colourful drinks. (Source: Fondueforkharpoon at MyDramaList)",어서오세요 레즈바에,"Eoseooseyo Rejeubae , Ласкаво Просимо до Лесбійського Бару",Not Yet Rated,159,7.4,20336,594
44,2023,Unrealistic Youtuber (2023),7,99999,"Feb 26, 2023 - May 14, 2023",,10 min.,['Comedy'],"['YouTuber Female Lead', 'Short Length Series', 'Miniseries', 'Web Series']",,B현실 유튜버,B Hyeonsil Yutyubeo,Not Yet Rated,5,5.8,99999,38
45,2023,Evilive (2023),10,1864,"Oct 14, 2023 - Nov 13, 2023","Monday, Sunday",60 min.,"['Thriller', 'Mystery', 'Crime', 'Drama']","['Cruel Male Lead', 'Contract Employee Male Lead', 'Gangster Male Lead', ""Half-brothers' Relationship"", 'Criminal Male Lead', 'Lawyer Male Lead', 'Evil Male Lead', 'Villain Male Lead', 'Criminal Organization', 'Action']","Han Dong Su, a rational livelihood lawyer, picks a random prisoner to visit and takes on a case that leads him into the dark world of crime. His half-brother, Han Beom Jae, works at a second-hand computer shop and acts as a case broker for him. When Beom Jae brings him a case involving Seo Do Yeong, the #2 member of a crime organization, he notices a change in Dong Su. Seo, a former baseball player, may look charming but hides a cruel and unpredictable madness. (Source: MyDramaList)",악인전기,"Aginjeongi , Akinjeongi , Biography of a Villain , EVILLIVE , Villain Story , Биография злодея , Життєпис лиходія",18+ Restricted (violence & profanity),3410,8.1,1896,13367
46,2023,Numbers (2023),12,1532,"Jun 23, 2023 - Jul 29, 2023","Friday, Saturday",60 min.,"['Action', 'Thriller', 'Mystery', 'Drama']","['Accountant Male Lead', 'Corruption', 'Bromance', 'Smart Male Lead', 'Workplace Setting', 'Office Setting', 'Workplace Politics', 'Revenge', 'High School To Working Life', 'Business Industry']","Ho Woo, a high school graduate with exceptional memory, observation, and a strong sense of justice, becomes the first of his kind to join the top accounting firm in the country. Je Kyun, the firm’s Vice President, and his son Seung Jo, the firm’s ace accountant, work alongside him. Though they have different goals, they all aim for the same target, serving justice within the firm. (Source: MyDramaList)",넘버스: 빌딩숲의 감시자들,"Accounting Firm , Hoegyebeobin , Neombeoseu: Bildingsupui Gamsijadeul , NUM:ERS , Numbers , Numbers: Observers in the Building Forest , Números , Номера , Числа , محاسب العدالة , 넘버스 , 회계법인",15+ - Teens 15 or older,4914,7.8,3627,16919
47,2023,Woman in a Veil (2023),103,9117,"Mar 14, 2023 - Aug 4, 2023","Monday, Tuesday, Wednesday, Thursday, Friday",40 min.,"['Thriller', 'Romance', 'Drama', 'Melodrama']","['Dishonest Female Lead', 'Mean In-Law', 'Married Female Lead', 'Married Male Lead', 'Death Of A Mother', 'Office Worker Female Lead', 'Heiress Female Lead', 'Secretary Supporting Character', 'Company President (CEO) Male Lead', 'Blind Female Lead']","Gyeo Ul witnesses her husband Yu Jin having an affair with her friend Ae Ra who becomes the target of her revenge. It causes Gyeo Ul to lose her eyesight and suffer from lock-in syndrome out of shock. Gyeo Ul gets involved with Se Rin, an heiress who owns everything. Se Rin is an arrogant and cold-hearted woman who looks down on people and does not hesitate to take revenge on whoever stabs her in the back. (Source: Kocowa)",비밀의 여자,"A Secret Woman , Bimilui Yeoja , Secret Woman",15+ - Teens 15 or older,283,6.8,11806,1338
48,2023,Jun & Jun (2023),8,549,"Jul 20, 2023 - Sep 7, 2023",Thursday,28 min.,"['Comedy', 'Romance']","['Boss-Employee Relationship', 'Workplace Romance', 'Gay Romance', 'Meet Again', 'LGBTQ+', 'Intern Male Lead', 'Male Harem', 'Workplace Setting', 'Office Setting', 'Long Time Crush']","Lee Jun, a former idol star, now works as an intern at a cosmetics firm after giving up his dreams of stardom. He reunites with Choi Jun, a flirtatious manager at the company. While dealing with a growing workload, Lee Jun finds himself caught in a romantic tension with Choi Jun. Meanwhile, office romances blossom as fellow employees Simeon and Song Hyun Jae begin to develop feelings for each other. (Source: MyDramaList)",준과 준,"Jun and Jun , Jun e Jun , Jun và Jun , Jungwa Jun , Джун и Джун",15+ - Teens 15 or older,22388,7.3,8224,39380
49,2023,Why Opposites Attract Season 2 (2023),8,99999,"May 4, 2023 - Jun 11, 2023",,10 min.,[],"['Short Length Series', 'Miniseries', 'Web Series']",,반대가 끌리는 이유 시즌2,"Bandaega Kkeulrineun Iyu 2 , Bandaega Kkeulrineun Iyu Sijeun 2 , Why Opposites Attract 2 , 반대가 끌리는 이유 2",Not Yet Rated,6,7.5,99999,63
50,2023,The Glory Part 2 (2023),8,72,"Mar 10, 2023",Friday,55 min.,"['Thriller', 'Drama', 'Melodrama']","['Revenge', 'Trauma', 'Graphic Violence', 'Suspense', 'Perpetrator-Victim Relationship', 'Domestic Violence', 'Brief Nudity', 'Scheme', 'Sexual Assault', 'Nudity  (show hidden tags)']","Moon Dong Eun's silent fury against those students that horrifically abused her during her high school years continues to burn inside of her. She meticulously executes her plan to inflict ultimate pain on her tormentors. Meanwhile, the sudden disappearance of Son Myeong Oh has gotten the attention of the police and his friends. Joo Yeo Jeong follows Moon Dong Eun and is willing to do anything she asks in her pursuit of revenge. Before Moon Dong Eun begins her final moves, she offers her nemesis Park Yeon Jin a chance to save herself if she turns in to the police, but Park Yeon Jin has her own plans to stop Moon Dong Eun. A violent and bloody game of nerves plays out between these rivals. (Source: AsianWiki)",더글로리 파트 2,"A Glória - Parte 2 , A Lição Parte 2 , Chwała Sezon 2 , Deo Geullori 2 , Deo Geullori Pateu 2 , Deo Geullori Sijeun 2 , Sláva – Řada 2. , The Glory 2 , The Glory Season 2 , Слава 2 , مجد الانتقام الجزء الثاني , 더 글로리 시즌2 , 더 글로리2",18+ Restricted (violence & profanity),83201,8.9,80,126515
51,2023,Tale of the Nine-Tailed 1938 (2023),12,280,"May 6, 2023 - Jun 11, 2023","Saturday, Sunday",1 hr. 10 min.,"['Historical', 'Horror', 'Romance', 'Fantasy']","['Nine-tailed Fox', 'Action', 'Supernatural', '1930s', 'Bromance', ""Brothers' Relationship"", 'Time Travel', 'Badass Male Lead', 'Friendship', 'Suspense']","An unexpected case leads Lee Yeon back in time to 1938, where he reencounters Ryu Hong Ju. Once a guardian spirit of the mountain in the west, she's now the owner of a high-end restaurant in the capital city of Gyeongseong. He also meets his younger brother, Lee Rang. Meanwhile, another former guardian spirit and ex-friend, Cheon Mu Yeong, has become hostile. Lee Yeon struggles to return to the present, to his loved one. (Source: AsianWiki; edited by MyDramaList)",구미호뎐 1938,"Conto da Nove Caudas 2 , Conto de Nove Caudas 1938 , Gumihodyeon 1938 , Gumihodyeon 2 , Gumihodyeon Sijeun 2 , Tale of the Nine-Tailed 2 , Tale of the Nine-Tailed Season 2 , Повість Про Куміхо 1938 , Сказание о Кумихо 2 , 구미호뎐 2 , 구미호뎐 시즌2",15+ - Teens 15 or older,23410,8.7,199,60976
52,2023,The Villain of Romance (2023),10,8516,"Jun 5, 2023 - Jun 27, 2023","Monday, Tuesday",45 min.,['Romance'],"['School Setting', 'University', 'Miniseries', 'Coming Of Age']","A coming-of-age story and realistic romance about young college “villains” who are still learning about love. Kang Hee Jae desperately wants to appear cool to others, but secretly feels smaller than plankton on the inside. While struggling to forgive his girlfriend, Yoo Jin, for her “savage” behavior, he winds up gradually transforming into an obsessive monster. Meanwhile, Ban Yoo Jin is a highly intelligent older student at Kang Hee Jae’s college. Because Yoo Jin can never seem to keep a relationship going for longer than 100 days, she starts to worry that she’ll wind up living a lonely life alone. So when younger student Hee Jae boldly shoots his shot, she decides to put him through some intense “training” as they date. (Source: Soompi)",로맨스빌런,"Romaenseubilreon , Romance Villain , 로맨스 빌런",15+ - Teens 15 or older,219,6.8,11797,1513
53,2023,The Real Has Come! (2023),50,1319,"Mar 25, 2023 - Sep 10, 2023","Saturday, Sunday",1 hr. 20 min.,"['Romance', 'Drama', 'Melodrama']","['Pregnancy', 'Fake To Real Lovers', 'Contract Relationship', 'Family Relationship', 'Cohabitation', 'Multiple Couples', 'Big Family', 'Family Pressure', 'Adopted Male Lead', 'Gynecologist Male Lead']","Oh Yeon Doo, an online Korean language instructor, discovers her boyfriend, Kim Joon Ha, has been cheating on her and that she is pregnant. Meanwhile, Gong Tae Kyung, a successful obstetrician, has no intention of marrying. The two often cross paths and help each other, leading Tae Kyung to propose a fake marriage to escape his family's pressure. However, complications arise with Tae Kyung's first love, Jang Se Jin, and Oh Yeon Doo's ex, Kim Joon Ha. Will love sort out this tangled mess? (Source: MyDramaList)",진짜가 나타났다!,"Chegou a Hora da Verdade! , Jinjjaga Natanassda , Jinjjaga Natanassda! , Jinjjaga Natanatda , Jinjjaga Natanatda! , The Real Deal Has Come! , The Real Thing Appears , ‫لقد وصل الشخص المناسب! , 진짜가 나타났다",15+ - Teens 15 or older,6505,7.3,8856,19378
54,2023,Shadow Detective Season 2 (2023),8,5308,"Jul 5, 2023 - Jul 26, 2023",Wednesday,55 min.,"['Mystery', 'Drama']","['Detective Fiction', 'Detective Male Lead', 'Miniseries', 'Web Series', 'Investigation']","Unfolds the ultimate counterattack of veteran homicide detective Kim Taek Rok, who has returned to investigate the secret mastermind behind the blackmailer 'Friend'. (Source: Sports Chosun; edited by Krystale Mitaesa at MyDramaList)",형사록 시즌2,"Detective Records Season 2 , Detetive Sombra 2 , Hyeongsarok Sijeun 2 , O Detetive das Sombras 2 , Veteran Detective Season 2",15+ - Teens 15 or older,1175,8.0,2612,3293
55,2023,The Emotion (2023),5,99999,"Jan 5, 2023 - Feb 2, 2023",Thursday,8 min.,"['Romance', 'Youth']","['Student Supporting Character', 'Student Female Lead', 'Student Male Lead', 'School Setting', 'Short Length Series', 'Broken Family', 'Miniseries', 'High School', 'Web Series', 'Friendship']","This drama focuses on the emotional feelings of the main character, Yoo Ji Seo. Ji Seo is a student who doesn't care about her surroundings but she is very smart and always studies all the time. With big pressure from home, her father wants her to always get the best grades at school. Ji Seo feels confused, lonely, and depressed. Because of that, Ji Seo became more sensitive and didn't have any friends at school. One day, Ji Seo's class was given the task of writing about the feelings and emotions she was feeling at that time. However, it turned out that the teacher randomly rotated the results of her assignment to other classmates. After that, Ji Seo couldn't help but have to deal with her classmate, Han Yoon Hwan. (Source: Loopnice at MyDramaList)",더 이모션,"A Emoção , Deo Imosyeon",Not Yet Rated,0,0.0,99999,66
56,2023,It Was Spring (2023),8,14591,"May 8, 2023 - Jun 26, 2023",Monday,17 min.,"['Comedy', 'Romance', 'Youth', 'Drama']","['Dishonest Female Lead', 'Student Female Lead', 'Student Male Lead', 'School Setting', 'Spring Setting', 'Basketball Player Male Lead', ""Childhood Friends' Relationship"", 'Athlete Male Lead', 'Teenager Female Lead', 'Teenager Male Lead']","Set in a high school in Mokpo, this webdrama perfectly reproduces various cultures and youth sensibilities such as music, dramas, movies, and fashion at a time, letting viewers to empathise and think about their memories. (Source: Korean = Naver || Translation = Xavier Ng at MyDramaList)",시작은 첫키스,"First Kiss in the Beginning , First Kiss Is The Beginning , Kiss Is the Beginning , Kiss Is the Start , O Primeiro Beijo , Sijakeun Cheoskiseu , Sijakeun Kiseu , 시작은 키스",Not Yet Rated,49,6.5,34701,551
57,2023,Apple of My Eye (2023),121,9974,"Mar 27, 2023 - Sep 15, 2023","Monday, Tuesday, Wednesday, Thursday, Friday",30 min.,"['Romance', 'Family', 'Melodrama']","['Single Father Male Lead', 'Harassment', 'Hardworking Male Lead', 'Family Relationship', 'Father-Daughter Relationship', 'Nice Male Lead', 'Slow Burn Romance']","As a single dad, Kang San works harder than anyone else to raise his daughter. He runs a side dish store and works as a nursing care worker to make ends meet. His daughter, Jan Di, a middle schooler entering her adolescence, aspires to be a K-pop idol. Although Kang San does his best for his daughter, conflicts with his adolescent daughter are inevitable. Like an accident destined to happen, Mi Rae, the adopted daughter of the Hwang Dong Food Group, shows up before him. She may be adopted, but Mi Rae is an academy art instructor with a straightforward attitude and astute qualities. What love story will unfold when Mi Rae's first love, Ju Hyuk, suddenly appears before them? (Source: Viki)","금이야, 옥이야","Geumiya, Okiya , My Gold, My Jade",15+ - Teens 15 or older,329,6.8,11754,1132
58,2023,Our Dating Sim (2023),8,417,"Mar 9, 2023 - Mar 30, 2023",Thursday,15 min.,"['Business', 'Romance']","['Gay Romance', 'Meet Again', 'Illustrator Male Lead', 'Long Time Crush', 'Ghosting', 'LGBTQ+', ""Co-workers' Relationship"", 'Game Developer Male Lead', 'Gay Male Lead', 'High School Crush']",A story about what happens when two men who have been friends since school days meet again at work and create a dating simulation game. (Source: Korean = movie.daum.net || Translation = MyDramaList),우리 연애 시뮬레이션,"Coincidence , Nossa Simulação de Namoro , Our Dating Simulation , Uri Yeonae Simyulreisyeon , Uyeonsi , Симуляция нашей любви , 我們的模擬戀愛 , 우연시",13+ - Teens 13 or older,31276,7.8,3643,47904
59,2023,Blue Temperature (2023),4,15201,"Jun 28, 2023 - Jul 19, 2023",Wednesday,7 min.,"['Romance', 'Youth']","['Student Female Lead', 'Student Male Lead', 'School Setting', 'Countryside Setting', 'Teenager Female Lead', 'Teenager Male Lead', 'Short Length Series', 'Return To Hometown', 'Miniseries', 'High School']","Set in the picturesque town of Cheongdo, this story revolves around the lives of two high school students, Soo Ah and Soo Hyuk. Soo Ah temporarily moves to Cheongdo to help her mother with persimmon farming. While adjusting to the new environment, she encounters Soo Hyuk, a responsible and hardworking student who is determined to carry on his family's café business. Soo Hyuk also happens to be Soo Ah's first love. As Soo Ah and Soo Hyuk spend time together in Cheongdo, their friendship gradually blossoms into a deep bond. (Source: SooNum at MyDramaList)",파랑의 온도,"Parangui Ondo , Temperature of Blue , Temperature of Waves",Not Yet Rated,56,6.9,30116,509
60,2023,Castaway Diva (2023),12,265,"Oct 28, 2023 - Dec 3, 2023","Saturday, Sunday",1 hr. 20 min.,"['Music', 'Comedy', 'Romance', 'Drama']","['Chasing A Dream', 'Singer Female Lead', 'Music Industry', 'Family Relationship', 'Friendship', ""Brothers' Relationship"", 'Heartwarming', 'Sismance', 'Difficult Childhood', 'Entertainment Industry']","Mok Ha has always dreamt of becoming a singer. During middle school, however, she ends up on a deserted island where she manages to survive alone for over fifteen years. When she's finally rescued, she must adjust to a world that has changed dramatically in her absence. While learning to navigate the complex social dynamics of modern society, Mok Ha is determined to achieve her dream of becoming a singer—and she will stop at nothing to make it happen. (Source: MyDramaList)",무인도의 디바,"Desert Island Diva , Diva à Deriva , Diva da Ilha Deserta , Diva of the Deserted Island , Diva on a Deserted Island , Diva trosečnice , Muindoui Diba , Діва з безлюдного острова , Дива с необитаемого острова , مغنية على جزيرة مهجورة",15+ - Teens 15 or older,34178,8.3,1104,62760
61,2023,Oasis (2023),16,1742,"Mar 6, 2023 - Apr 25, 2023","Monday, Tuesday",1 hr. 10 min.,"['Romance', 'Youth', 'Drama', 'Melodrama']","['1980s', '1990s', 'Gangster Male Lead', 'Secret', 'Family Secret', 'Poor Male Lead', 'Transfer Student Female Lead', 'Student Male Lead', 'School Setting', ""Childhood Friends' Relationship""]","In 1980s South Korea, amidst political unrest, two high school friends, Lee Du Hak and Choi Cheol Ung, bond with O Jeong Sin, a transfer student from Seoul. As they grow closer, both boys fall for her, igniting a love rivalry. Tragedy strikes when Lee Du Hak's family is caught in an incident, leading him down a path of violence and revenge. With political turmoil escalating, can love help heal the rift between the friends? (Source: MyDramaList)",오아시스,"Oasiseu , Oáza",15+ - Teens 15 or older,2755,7.7,4890,14519
62,2023,Moving (2023),20,85,"Aug 9, 2023 - Sep 20, 2023",Wednesday,47 min.,"['Action', 'Thriller', 'Mystery', 'Supernatural']","['Graphic Violence', 'Supernatural Power', 'Multiple Mains', 'Romance', 'Family Relationship', 'Past And Present', 'Mother-Son Relationship', 'Father-Daughter Relationship', 'Suspense', '1990s']","Kim Bong Seok, Jang Hui Su, and Lee Gang Hun, seemingly typical high school students, bear extraordinary inherited powers. Bong Seok can fly, Hui Su possesses exceptional athleticism and rapid injury recovery, and Gang Hun wields uncanny strength and speed. As they conceal their gifts, their parents fight to shield them from exploitation by others, navigating a delicate balance between secrecy and protection. (Source: MyDramaList) ~~ Adapted from the webtoon “Moving” (무빙) by Kang Full (강풀).",무빙,"Em Movimento , Mubing , Na útěku , В движении , В русі",18+ Restricted (violence & profanity),54793,9.0,56,117101
63,2023,Family: The Unbreakable Bond (2023),12,1492,"Apr 17, 2023 - May 23, 2023","Monday, Tuesday",1 hr. 20 min.,"['Action', 'Thriller', 'Comedy', 'Drama']","['Spy Male Lead', 'Married Life', 'Double Identity', 'Romance', 'Hidden Identity', 'Physically Strong Female Lead', 'Physically Strong Male Lead', 'Emotionally Strong Female Lead', 'Family Struggle', 'Trader Male Lead']","Kwon Do Hun is an expert sniper and a secret agent working for the National Intelligence Service. To conceal his true identity, he lives a double life as a regular trading company employee, keeping even his wife, Kang Yu Ra, in the dark. Though he is occupied with his work, Kwon Do Hun cherishes his wife deeply. Meanwhile, Kang Yu Ra, a dedicated homemaker, harbors a secret. Their tranquil existence is thrown into turmoil when Tae Gu emerges, posing a threat to their carefully crafted façade. (Source: CK Warrior at MyDramaList)",패밀리,"Family , Paemilli , Сім’я , العائلة: الرابطة التي لا تنكسر",15+ - Teens 15 or older,4314,7.6,5796,17334
64,2023,My Sister Season 2 (2023),5,16723,"Sep 20, 2023 - Nov 19, 2023",Sunday,10 min.,"['Youth', 'Family']","['School Setting', 'Short Length Series', 'Adopted Siblings Love', 'Slice Of Life', 'Miniseries', 'Death', 'Web Series', 'Friendship']",One day your mom gets married and now you have three sisters! But what will you do when suddenly your parents die in a plane crash and find out they never registered their marriage so you were never legally a family?! Are they still your sisters? (Source: MyDramaList),여동사친 시즌2,"My Sister 2 , Yeodongsachin 2 , Yeodongsachin Sijeun 2 , 여동사친2",Not Yet Rated,100,6.7,33466,420
65,2023,Destined with You (2023),16,146,"Aug 23, 2023 - Oct 12, 2023","Wednesday, Thursday",1 hr. 10 min.,"['Comedy', 'Romance', 'Drama', 'Fantasy']","['Magic', 'Love Spell', 'Curse', 'Supernatural', 'Lawyer Male Lead', 'Fated Love', ""Bickering Mains' Relationship"", 'Male Chases Female First', 'Enemies To Lovers', ""Co-workers' Relationship""]","Lee Hong Jo, a low-ranking civil servant, always does her best despite constant complaints and a lonely personal life. One day, she comes into possession of an old wooden chest and the key to lift a curse affecting Jang Sin Yu. Jang Sin Yu, a smart and handsome lawyer, suffers from a mysterious illness tied to a centuries-old family curse. As his condition worsens, he becomes desperate to break it, leading to an unexpected connection with Hong Jo. (Source: AsianWiki; Netflix)",이 연애는 불가항력,"I Yeonaeneun Bulgahangryeok , Irresistible Love , This Relationship Is Force Majeure , Yi Yeonaeneun Bulgahangryeok",15+ - Teens 15 or older,52005,8.2,1756,92576
66,2023,AI (2023),4,99999,"Sep 3, 2023 - Sep 24, 2023",,4 min.,['Drama'],"['Short Length Series', 'Miniseries', 'Web Series']",,AI,,Not Yet Rated,0,0.0,99999,9
67,2023,Our D-Day (2023),6,11475,"Jan 26, 2023 - Feb 10, 2023","Thursday, Friday",17 min.,"['Comedy', 'Youth', 'Drama']","['Friendship', 'Violence Against Children', 'School Setting', 'Short Length Series', 'Imaginary Friend', 'Suicidal Male Lead', 'Sleep Disorder', 'Flashback To Past', 'Hallucination', 'Insomnia']","Kim Moo Young, Heo Won Ho and Baek Ji Soo have been friends since high school. Now in their 30s, each of them is struggling in their own way. Moo Young works at a dead end job in a convenience store. Won Ho gave up his dream of writing music to work in an advertising agency. Meanwhile, Ji Soo is an aspiring movie director. Moo Young had a crush on Woori in high school. One day, Moo Young's friends, who have no concept of personal space, decide that they should go on a road trip together. Unbeknownst to his friends, Moo Young who is struggling with depression has been planning to commit suicide.",우리의 디데이,"Nosso Dia D , Uriui Didei",Not Yet Rated,106,7.8,16846,876
68,2023,Bitch X Rich (2023),10,791,"May 31, 2023 - Jun 28, 2023",Wednesday,35 min.,"['Thriller', 'Mystery', 'Youth', 'Drama']","['Teenager Female Lead', 'Poor Female Lead', 'School Bullying', 'Death', 'High School', 'Murder', 'Suspense', 'Investigation', 'Transfer Student Female Lead', 'Student Female Lead']",Baek Je Na is a third-generation conglomerate and a gold spoon of the highest class at Cheongdam International High School. Kim Hye In grew up in poverty and is offered a chance to study at the Cheongdam International High School in exchange for her silence on a murder she witnessed. Cheongdam International High School is a homicide mystery that follows Je Na’s rivalry with Kim Hye In as they are pitted against each other in mental warfare. (Sources: pinkvilla.com; nme.com),청담국제고등학교,"Bitch and Rich , Cheongdam International High School , Cheongdamgukjekodeunghakkyo , Chungdamkookjegodeunghakkyo , Crazy X Rich",15+ - Teens 15 or older,14638,7.7,4292,29597
69,2023,Celebrity (2023),12,205,"Jun 30, 2023",Friday,45 min.,"['Thriller', 'Mystery', 'Drama']","['Social Media', 'Slight Romance', 'Rich Male Lead', 'Influencer Female Lead', 'Famous Female Lead', 'Secret', 'Suspense', 'Revenge', 'Influencer Supporting Character', 'Nonlinear Narrative']",Fame. Money. Power. One young woman fights to become the next hottest celebrity in the glamorous yet scandalous world of influencers in Seoul. (Source: Netflix),셀러브리티,"Celebridade , Celebrita , Celebrity: คนเด่น คนดัง คนดับ , Celebrytka , Selleobeuriti , Знаменитість , Знаменитость , النجمة الشهيرة",18+ Restricted (violence & profanity),43139,8.2,1459,73533
70,2023,Between Him and Her (2023),12,5058,"Dec 26, 2023 - Mar 15, 2024",Friday,60 min.,"['Romance', 'Youth', 'Drama']","['Merchandise Director Supporting Character', 'Jewelry Industry', ""Co-workers' Relationship"", ""Best Friends' Relationship"", ""Classmates' Relationship"", 'Jewelry Designer Supporting Character', 'Jewelry Designer Female Lead', 'Fashion Designer Male Lead', 'Influencer Supporting Character', 'Model Supporting Character']","In their college days, campus sweethearts Jung Hyun Sung and Han Sung Ok fell madly in love with one another. They couldn’t imagine spending a day apart – and dreamed of launching successful careers that would complement them as they spent forever in each other’s arms. Seven years later, reality has bitten – hard. The “seven-year itch,” they have learned, is a very real phenomenon. While Jung Hyun Sung has become the designer of his own hip fashion brand and Han Sung Ok is a jewellery designer, their careers are far from stellar. The eve of their seventh anniversary as a couple approaches, but the unthinkable has happened – they have become bored of one another. Where passion once lived, now resides only indifference and boredom. Things are about to come to a head – but could the spark return to their relationship...to save the day? (Source: Viki) ~~ Adapted from the webtoon ""A Man and a Woman"" (남과 여) by Hyeo No (혀노).",남과 여,"A Man and a Woman , Entre Ele e Ela , Man and Woman , Namgwa Yeo",15+ - Teens 15 or older,793,6.7,12328,3543
71,2023,Bronze? Gold! (2023),10,99999,"Sep 7, 2023 - Nov 9, 2023",,7 min.,['Comedy'],"['Short Length Series', 'Miniseries', 'Web Series']",,브론즈? 골드!,"Beuronjeu? Goldeu! 1 , Beuronjeu? Goldeu! Sijeun 1 , Bronze? Gold! 1 , Bronze? Gold! Season 1 , 브론즈? 골드! 시즌1 , 브론즈? 골드!1",Not Yet Rated,0,0.0,99999,4
72,2023,Something Unique (2023),4,22886,"Feb 6, 2023 - Feb 23, 2023",,11 min.,['Drama'],"['Short Length Series', 'Miniseries', 'Web Series']",,썸띵유니크,Sseomtting Yunikeu,Not Yet Rated,13,5.7,37839,218
73,2023,Revenant (2023),12,407,"Jun 23, 2023 - Jul 29, 2023","Friday, Saturday",1 hr. 10 min.,"['Thriller', 'Mystery', 'Horror', 'Supernatural']","['Spirit Possession', 'Occult', 'Folklore', 'Spirit', 'Emotionally Strong Female Lead', 'Student Female Lead', 'Winter Setting', 'Professor Male Lead', 'Detective Male Lead', 'Difficult Childhood']","When a portal to another world opens, demons are unleashed. Ku San Young becomes possessed by one of them, and Yeom Hae Sang, who can see the demons, joins her in uncovering the truth behind a series of mysterious deaths linked to five sacred objects. Ku San Young juggles part-time work and studying to become a public officer. After receiving items from her deceased father, she becomes entangled in strange deaths and begins to change. Yeom Hae Sang, a wealthy folklore professor with the ability to see demons, witnessed his mother's death at their hands. He meets Ku San Young and confronts the demon that killed his mother. Lee Hong Sae, a career-focused police lieutenant, becomes embroiled in these mysterious events through his involvement with Ku San Young and Yeom Hae Sang. (Source: MyDramaList)",악귀,"Aggwi , Akkwi , O Diabo , Revenant: Le Démon , The Demon , The Devil , Демон , Примарний демон",15+ - Teens 15 or older,18964,8.6,469,48458
74,2023,Love Class Season 2 (2023),10,1267,"Aug 11, 2023 - Sep 8, 2023",Friday,25 min.,"['Romance', 'Drama']","['Multiple Couples', 'Gay Romance', 'Multiple Mains', 'Friends To Lovers', 'Supportive Friend', 'Student Male Lead', 'School Setting', 'Tutor- Student Relationship', 'Prolonged Nudity', ""Classmates' Relationship""]","Lee Hyeon is a university freshman. He is cheerful and optimistic and has never really experienced any form of emotional hurt or heartbreak. His university days start with a bang when he sees and immediately falls for Kim An, a young tutor in the same department where Lee Hyeon is studying. Lee Hyeon starts following Kim An around like a puppy, pestering the cold and aloof young tutor with questions. Meanwhile, Ju Hyeok is a student who is returning to campus after a break. He meets and has a fling with a man named Seong Min after they meet by chance, but the latter vanishes without a trace the morning after. Ju Hyeok is shocked to later discover that Seong Min is actually his new class’s teaching assistant. Fellow student Min U is also stuck in a confusing romantic situation: he has a secret crush on his unemployed best friend, Ma Ru. Will Cupid help sort out the love chaos as these six young men strive for academic – and romantic – success? (Source: Viki)",수업중입니다 시즌2,"Love Class 2 , Sueobjung Ibnida 2 , Sueobjung Ibnida Sjieun 2 , 수업중입니다 2",Not Yet Rated,9412,7.7,4536,20091
75,2023,Straight Sassy Season 2 (2023),4,99999,"Jul 4, 2023 - Jul 15, 2023",,6 min.,['Comedy'],"['Short Length Series', 'Miniseries', 'Web Series']",,솔직발칙 시즌2,"Soljikbalchik 2 , Soljikbalchik Sijeun 2 , Straight Sassy 2 , 솔직발칙2",Not Yet Rated,4,5.5,99999,41
76,2023,Payback: Money and Power (2023),12,3037,"Jan 6, 2023 - Feb 11, 2023","Friday, Saturday",1 hr. 10 min.,"['Thriller', 'Mystery', 'Business', 'Drama']","['Uncle-Nephew Relationship', 'Finance Industry', 'Fight For Justice', 'Corruption', 'Revenge', 'Rich Male Lead', 'Business Industry', 'Emotionally Strong Female Lead', 'Former Prosecutor Female Lead', ""Co-workers' Relationship""]","“Payback” follows the revenge story of a group of people—including Eun Yong, a money trader—who refuses to remain silent in the face of unjust authorities and fight against a cartel conspiring with the law. (Source: nme.com; edited by MyDramaList)",법쩐,"Beobjjeon , Law Money , The Law",15+ - Teens 15 or older,1900,7.7,4473,7335
77,2023,Reincarnated Partners (2023),3,99999,"Mar 1, 2023 - Mar 15, 2023",,9 min.,"['Romance', 'Drama']","['School Setting', 'Short Length Series', 'Miniseries', 'Web Series']",,환생 파트너,Hwansaeng Pateuneo,Not Yet Rated,0,0.0,99999,8
78,2023,Not Others (2023),12,1213,"Jul 17, 2023 - Aug 22, 2023","Monday, Tuesday",60 min.,"['Mystery', 'Comedy', 'Romance', 'Drama']","['Mother-Daughter Relationship', 'Cohabitation', 'Single Mother Female Lead', 'Slice Of Life', 'Police Officer Female Lead', 'First Love Returns', 'Police Officer Male Lead', 'Police Patrol Division', ""Bickering Mains' Relationship"", ""Teammates' Relationship""]","High school student Kim Eun Mi’s life changed when she became pregnant and chose to raise her daughter, Jin Hui, on her own. Now in her forties, Eun Mi works as a physical therapist while Jin Hui, at twenty-nine, is an officer at the Namchon Police Substation. Though Jin Hui is an adult, she still lives with her mother, leading to constant bickering despite their deep love for each other. Eun Mi's life grows more complicated when Dr. Park Jin Hong appears, while Jin Hui faces challenges with her new director, Eun Jae Won. (Source: MyDramaList) ~~ Adapted from the webtoon ""Namnam"" (남남) by Jeong Young Ryong (정영룡).",남남,"Namnam , Os Outros Não , Strangers , Не інші , Незнакомки , ليست غيرها",15+ - Teens 15 or older,8280,8.0,2345,20810
79,2023,Couple Scandal (2023),12,99999,"May 13, 2023 - Jul 29, 2023",,45 min.,[],[],,부부스캔들,Bubu Seukaendeul,15+ - Teens 15 or older,0,0.0,99999,3
80,2023,My Man Is Cupid (2023),16,551,"Dec 1, 2023 - Jan 20, 2024","Friday, Saturday",1 hr. 2 min.,"['Mystery', 'Comedy', 'Romance', 'Fantasy']","['Fairy Male Lead', 'Cupid', 'Interspecies Romance', 'Reincarnated Lovers', 'Veterinarian Female Lead', 'Unlucky Female Lead', 'Past Life', 'Death', 'Reincarnation', 'Detective Male Lead']","Cheon Sang Hyuk, a charming fairy whose wings were burned 500 years ago, undergoes 27 metamorphoses to restore them. On his 28th attempt, he meets Oh Baek Ryun, a veterinarian. Baek Ryun is beautiful but has a history of men falling for her, only to experience near-death and flee. Despite her unlucky love life, she longs to find her destined partner. (Source: MyDramaList)",내 남자는 큐피드,"My Boyfriend Is Cupid , Nae Namjaneun Kyupideu",13+ - Teens 13 or older,16075,7.9,3117,39236
81,2023,Unintentional Love Story (2023),10,609,"Mar 17, 2023 - Apr 14, 2023",Friday,35 min.,"['Comedy', 'Romance']","['Town Setting', 'Potter Male Lead', 'Gay Romance', 'Opposites Attract', 'LGBTQ+', 'Flashback To Past', 'Pottery', 'Café Owner Supporting Character', 'Ceramic Artist Male Lead', 'Gay Male Lead']","When Ji Won Yeong's superior is fired over a corruption scandal, he is also dismissed despite his innocence. Determined to regain his job, Won Yeong seeks out the chairman's favorite artist, Yun Tae Jun, who is living in self-imposed exile at a pottery shop in a remote town. As Won Yeong secretly observes Tae Jun, he begins to develop feelings for him, causing him to question his sexuality and his motives. But when Tae Jun discovers the truth, will their relationship survive? (Source: MyDramaList) ~~ Adapted from the webtoon ""Biuidojeog Yeonaedam"" (비의도적 연애담) by Phobe (피비).",비의도적 연애담,"Biuidojeog Yeonaedam , Chuyện Tình Không Định Trước , История непреднамеренной любви , Ненавмисна Історія Кохання , ปั้นรักฉัน ด้วยใจนาย , 意外な恋愛遍歴",15+ - Teens 15 or older,18252,7.6,5288,36318
82,2023,Usual Yet Unusual Season 2 (2023),8,99999,"Jul 30, 2023 - Aug 24, 2023",,8 min.,"['Romance', 'Drama']","['Short Length Series', 'Miniseries', 'Web Series']",,흔치만 흔치않은 시즌2,"Heunchiman Heunchiahneun 2 , Heunchiman Heunchiahneun Sijeun 2 , Rare but Uncommon 2 , Typical but Not so Typical 2 , Usual Yet Unusual 2 , 흔치만 흔치않은2",Not Yet Rated,4,6.6,99999,47
83,2023,Cold Blooded Intern (2023),12,6100,"Aug 11, 2023 - Sep 15, 2023",Friday,39 min.,"['Comedy', 'Life', 'Drama']","['Intern Female Lead', 'Student Supporting Character', 'Assistant Manager Supporting Character', 'Workplace Setting', 'Office Setting', 'Manager Supporting Character', 'Female Centered Plot', 'Married Supporting Character', 'Married Female Lead', 'Office Worker Female Lead']","Ko Hae Ra worked hard as a merchandiser, but after having a child, she quit her job. For the past 7 years, she put all of her energy into raising her child. She now wants to resume her working career, but she struggles to find a job. One day, she takes an interview for an entry-level position at Market House. There, she meets Choi Ji Won, the director of the product planning team who holds the real power at Market House thanks to her charisma and leadership abilities. Ko Hae Ra and Choi Ji Won once worked together at another company, so Choi Ji Won decides to hire Ko Hae Ra for an intern position in the product planning team. She offers a sweet but cruel suggestion to Ko Hae Ra. (Source: AsianWiki; edited by MyDramaList)",잔혹한 인턴,"Cruel Intern , Cruel Mrs Ae Ran , Cruel Sra. Ae Ran , Janhoghan Aelanssi , Janhoghan Inteon , ورطة جي وون , 잔혹한 애란씨",Not Yet Rated,568,7.4,7951,2640
84,2023,Golf's True Colors (2023),6,99999,"Oct 12, 2023 - Jan 2, 2024","Monday, Thursday",9 min.,['Comedy'],"['Short Length Series', 'Miniseries', 'Web Series']",A story about losing everything while betting on golf with friends. (Source: Korean = 테일즈온TV YouTube || Translation = MyDramaList),골프본색,Golpeu Bonsaek,Not Yet Rated,0,0.0,99999,3
85,2023,Moon in the Day (2023),14,637,"Nov 1, 2023 - Dec 14, 2023","Wednesday, Thursday",1 hr. 1 min.,"['Thriller', 'Historical', 'Romance', 'Fantasy']","['Spirit Possession', 'Revenge', 'Reincarnation', 'Famous Male Lead', 'Past Life', 'Past And Present', 'Love/Hate Relationship', 'Reincarnated Lovers', 'Bodyguard Female Lead', 'Historical Fiction']","South Korean celebrity Han Joon Oh, secretly battling deep insecurities, is rescued from a near-fatal car accident by firefighter Kang Young Hwa. Impressed by her heroism, his team hires her as his bodyguard. However, after waking in the hospital, Han Joon Oh finds himself possessed by the vengeful spirit of Do Ha, a nobleman from ancient Korea, determined to seek justice for his betrayal and death. (Source: MyDramaList) ~~ Adapted from the webtoon ""The Moon that Rises in the Day"" (낮에 뜨는 달) by Hye Yoom (헤윰).",낮에 뜨는 달,"Daytime Moon , Lua no Dia , Moon Rising at Noon , Moonrise During the Day , Naje Tteuneun Dal , The Moon That Rises During the Day , The Moon That Rises in the Day , Луна, которая восходит днем , Місяць удень , قمر النهار , 白晝之月",15+ - Teens 15 or older,11705,7.7,4498,35163
86,2023,Love Mate (2023),8,936,"May 4, 2023 - May 25, 2023",Thursday,20 min.,"['Comedy', 'Romance', 'Drama']","['Office Worker Male Lead', 'Team Leader Male Lead', 'Gay Male Lead', 'Gay Romance', 'Workplace Romance', 'Superior/Subordinate Relationship', 'Love At First Sight', 'LGBTQ+', 'Workplace Setting', 'Office Setting']","As a team leader, Seo I Jun is anything but soft. A leader at So What Media, I Jun’s content production team is one of the company’s best, but by demanding the best from his team, he’s developed a reputation as the company’s toughest team leader. Seen by all as an iron-clad man who’s set in his ways, everyone is surprised when it becomes apparent that the company’s new employee, Jung Ha Ram, has started to get under his skin. A very straightforward type of person, Ha Ram hides nothing about himself, including his sincere beliefs about love. Skeptical of love himself, I Jun has a hard time understanding how Ha Ram can be so open about love. Even more confusing for I Jun is trying to understand the feelings that he seems to be developing for the company’s newest employee. Finding themselves in a bit of a push-and-pull relationship, I Jun and Ha Ram begin to understand each other better as they slowly learn about each other’s past and present struggles. Drawing ever closer, will this unlikely pair learn to let go of the past and allow themselves the freedom to experience true love? (Source: Viki)",러브메이트,"Reobeu Meiteu , 러브 메이트",15+ - Teens 15 or older,13678,7.4,7534,26110
87,2023,Behind Your Touch (2023),16,513,"Aug 12, 2023 - Oct 1, 2023","Saturday, Sunday",1 hr. 5 min.,"['Thriller', 'Mystery', 'Comedy', 'Supernatural']","['Crime Solving Duo', 'Psychometry', 'Psychic Female Lead', 'Investigation', 'Cold Man/Warm Woman', ""Bickering Mains' Relationship"", 'Slow Burn Romance', 'Animal Lover Female Lead', 'Suspense', 'Veterinarian Female Lead']","Bong Ye Bun is a vet in a quiet village with a secret power: when she touches someone's rear, she sees their past. Moon Jang Yeol, a once-successful detective now stuck in a small-town police station, teams up with Ye Bun to solve minor cases, hoping for a transfer back to Seoul. But things take a dark turn when a serial murder case pops up. Meanwhile, Kim Seon Woo, a kind and mysterious newcomer working at a convenience store, adds another layer of intrigue to the village. (Source: MyDramaList)",힙하게,"Behind Your Touch สืบสัมผัส , Con Tacto Especial , Enquêtes Tactiles , Hibhage , Hip , Víc než dotyk , Više od dodira , За твоим прикосновением , На відстані дотику , خلف لمستك , 힙(HIP)하게",15+ - Teens 15 or older,20187,8.1,1861,41359
88,2023,Secret Playlist (2023),8,3405,"Nov 18, 2023 - Dec 9, 2023",Saturday,55 min.,"['Romance', 'Youth', 'Drama']","['Student Female Lead', 'Student Male Lead', 'School Setting', 'Musician Female Lead', 'Musician Male Lead', 'Idol Male Lead', 'Young Adult Female Lead', 'Young Adult Male Lead', 'Famous Male Lead', 'Famous Female Lead']","Ordinary 24-year-old college student Han Joo, on the surface, appears to be a hardworking job seeker facing the harsh reality. However, she secretly nurtures her dream of becoming a singer by operating a cover song SNS account called 'Plii', all while keeping her identity hidden. On the other hand, there's a member of the popular idol group S.E.Z., Do Gook. Approaching the end of his contract, he decides to seek out Plii, whom he has admired, for a collaboration project as he prepares to go solo. However, it turns out that the two were classmates in college! Han Joo, who must conceal her identity as Plii, and Do Gook, who needs to find Plii. Can they really uncover each other's true identities? (Source: Korean = TVING || Translation = MyDramaList) ~~ Adapted from the webtoon ""Secret Playlist"" (플레이,플리) by 2F (이에프).","플레이,플리","Peullei, Peulli , Play, Plii",15+ - Teens 15 or older,993,7.4,7988,6339
89,2023,"Ridiculous, but the Law of Maintenance (2023)",8,99999,"Sep 30, 2023 - Oct 13, 2023",,1 min.,['Comedy'],"['Short Length Series', 'Miniseries', 'Web Series']",,"말도 안되지만, 유지의 법칙","Maldo Andoejiman, Yujiui Beobchik",Not Yet Rated,0,0.0,99999,9
90,2023,Korea-Khitan War (2023),32,5116,"Nov 11, 2023 - Mar 10, 2024","Saturday, Sunday",60 min.,"['Action', 'Military', 'Historical', 'War']","['Goryeo Dynasty', 'Based On A True Story', 'General Male Lead', 'Liao Dynasty', 'Historical Fiction', 'Queen Supporting Character', 'King Male Lead', 'Brave Male Lead', 'Torture', 'LGBTQ+']","A historical drama that deals with the second and third periods of the Goryeo-Khitan War. King Hyeon Jong of Goryeo and his political teacher, Commander-in-Chief Kang Gam Chan, united the people of Goryeo and led a war against Khitan. (Source: HanCinema, AsianWiki, NamuWiki; edited by MyDramaList) ~~ Adapted from the novel ""Goryeo-Khitan War: Sweet Rain in The Winter"" (고려거란전기: 겨울에 내리는 단비) by Gil Seung Soo (길승수).",고려 거란 전쟁,"Goryeo Georan Jeonjaeng , Guerra Goryeo-Khitan , Korjsko-kitanská válka , The Goryeo-Khitan War",15+ - Teens 15 or older,596,8.0,2389,3485
91,2023,Duty after School: Part 2 (2023),4,624,"Apr 21, 2023",Friday,1 hr. 10 min.,"['Action', 'Thriller', 'Drama', 'Sci-Fi']","['Teamwork', 'Military', 'Survival', 'Monster', 'Supernatural Being', 'Outerworld Invasion', 'Multiple Mains', 'Supernatural Phenomena', 'Student Female Lead', 'Student Male Lead']","Story of 3rd year students of Sungjin High School who started a 'real war' to fight against the attack of a mysterious creature that covered the sky. Will they be able to save the planet from doom? (Source: MyDramaList) ~~ Adapted from the webtoon ""Duty after School"" (방과 후 전쟁활동) by Ha Il Kwon (하일권).",방과 후 전쟁활동 파트2,"Afterschool Military Activity 2 , Afterschool War Activities 2 , Banggwa Hu Jeonjaenghwaldong 2 , Banggwa Hu Jeonjaenghwaldong Pateu 2 , Banggwa Hu Jeonjaenghwaldong Sijeun 2 , Dever Após a Escola: Parte 2 , Duty After School 2 , Duty After School Season 2 , 방과 후 전쟁활동 시즌2 , 방과 후 전쟁활동2",18+ Restricted (violence & profanity),22559,7.7,5012,35720
92,2023,See You in My 19th Life (2023),12,125,"Jun 17, 2023 - Jul 23, 2023","Saturday, Sunday",1 hr. 10 min.,"['Comedy', 'Romance', 'Drama', 'Fantasy']","['Reincarnation', 'Past Life', 'Trauma', 'Death', 'Adapted From A Webtoon', ""Childhood Friends' Relationship"", 'First Love', 'Flashback To Past', 'Competent Female Lead', 'Straightforward Female Lead']","Ban Ji Eum has the ability to remember all her past lives, living through countless reincarnations for nearly a thousand years. After a tragic accident ends her previous life, she seeks to reconnect with the people from that life, focusing on Moon Seo Ha, whom she met in her 18th life. As she navigates her 19th life, will memories of her past hinder her romance, or can love endure across lifetimes? Meanwhile, Yoon Cho Won, a landscape architect and the younger sister of Yoon Joo Won, struggles to maintain her brightness after her sister’s death. Upon meeting Ban Ji Eum, she sees her sister in her and becomes curious about Ban Ji Eum’s identity. Ha Do Yoon, Moon Seo Ha’s childhood friend and secretary, feels a mysterious connection with him, despite their different backgrounds. (Source: MyDramaList) ~~ Adapted from the webtoon ""See You in My 19th Life"" (이번 생도 잘 부탁해) by Lee Hye (이혜).",이번 생도 잘 부탁해,"Ibeon Saengdo Jal Butaghae , Nashle v mém 19. životě , Please Take Care of Me in This Life as Well , See You in My 19th Life ชาตินี้ก็ฝากด้วยนะ , Vejo Você na Próxima Vida , Побачимось у моєму 19-му житті , Увидимся в моей 19-й жизни , أراك في حياتي التاسعة عشرة",15+ - Teens 15 or older,54920,8.4,865,99525
93,2023,Tree Man (2023),6,99999,"May 5, 2023 - Oct 22, 2023",,8 min.,"['Romance', 'Drama']","['Short Length Series', 'Miniseries', 'Web Series']",,초식물남,Chosigmulnam,Not Yet Rated,0,0.0,99999,16
94,2023,Epilogue (2023),4,99999,"Oct 23, 2023 - Nov 4, 2023",,23 min.,['Drama'],"['Student Male Lead', 'Miniseries', 'Web Series']","'Epilogue', a salty and steamy youth drama about film students. In a hot summer day, before the start of the semester, Hyun Woo and Min Jae talk about their graduation work at a cafe. Hyun Woo starts to worry after hearing his senior's story at the opening party. At this time, popular female idol Min Young went back to school. She has an uncomfortable first meeting with Hyeon Woo. (Source: 뮤드 YouTube)",에필로그,Epilrogeu,Not Yet Rated,0,0.0,99999,9
95,2023,Kokdu: Season of Deity (2023),16,1306,"Jan 27, 2023 - Mar 24, 2023","Friday, Saturday",1 hr. 20 min.,"['Comedy', 'Romance', 'Medical', 'Fantasy']","[""Bickering Mains' Relationship"", 'Fate', 'Grim Reaper Male Lead', 'Past Life', 'Reincarnated Lovers', 'Curse', 'Reincarnation', 'Doctor Female Lead', 'Flashback To Past', 'Supernatural Power']","Kkok Du, once a mortal man in ancient Korea, is now an immortal reaper, revisiting the mortal world every 99 years to punish human weaknesses. His millennia-long existence has hardened him, cultivating a ruthless disdain for humans. During his latest visit, Kkok Du inhabits the body of a gifted young doctor named Do Jin U. However, his mission becomes intricate when he must perform Jin U's medical duties. In an unexpected twist, Kkok Du encounters Han Gye Jeol, a doctor from a lesser-known school, yet harboring enigmatic powers that captivate him. Are their destinies intertwined from a past life, and why does she wield such influence over him? As Kkok Du grapples with his task, he finds himself increasingly drawn to Gye Jeol, facing a daunting choice: fulfill his duty or risk everything for love. (Source: MyDramaList)",꼭두의 계절,"Kkogduui Gyejeol , Kokdu: Temporada dos Deuses , The Season of Kkok Du , The Season of Kokdoo , Сезон Ккок Ду , 木偶的季節",15+ - Teens 15 or older,5527,7.2,9053,19477
96,2023,Bully and Nerd (2023),58,99999,"Feb 28, 2023 - Apr 7, 2025",,5 min.,"['Comedy', 'Romance']","['Student Female Lead', 'Student Male Lead', 'School Setting', 'Part-time Worker Female Lead', 'Teenager Female Lead', 'Teenager Male Lead', 'Short Length Series', 'High School Sweethearts', 'Student Film', 'Nerdy Male Lead']",,일진과 찐따,Iljingwa Jjintta,Not Yet Rated,36,7.4,20802,188
97,2023,Sound Candy (2023),10,7681,"Jun 3, 2023 - Jul 1, 2023",Saturday,25 min.,"['Music', 'Drama']","['Pop Music', 'Vacation Setting', 'Inn Setting', 'Café Owner Supporting Character', 'Seaside Setting', 'Artist Female Lead', 'Musician Male Lead', 'Singer Male Lead', 'Idol Supporting Character', 'Idol Male Lead']","A group of young individuals with different backgrounds come together at a pension located in Jeju. They rediscover their love and friendship through the mystery of ""Sound Candy."" (Source: MyDramaList)",소리사탕,"Doce Som , Sorisatang",G - All Ages,351,7.0,10923,1804
98,2023,The Heavenly Idol (2023),12,425,"Feb 15, 2023 - Mar 23, 2023","Wednesday, Thursday",1 hr. 10 min.,"['Comedy', 'Romance', 'Drama', 'Fantasy']","['Transmigration', 'Body Swap', 'Priest Male Lead', 'Idol Male Lead', 'Supernatural Being', 'Music Industry', 'Healing Power', 'Fish Out Of Water', 'Panic Disorder', 'Physically Strong Male Lead']","Pontifex Rembrary, a character known for his divine powers, gets transported to a new world while fighting a devil. He possesses the body of Woo Yeon Woo, a member of an unpopular idol group, and helps turn the group's fortunes around after a disastrous live performance. With his charisma and divine powers, he becomes popular among fans but faces challenges from his past, contending with strange religious groups and the devil. (Source: CK Warrior at MyDramaList) ~~ Adapted from the web novel ""Holy Idol"" (성스러운 아이돌) by Sin Hwa Jin (신화진).",성스러운 아이돌,"Cвященный айдол , Daesingwan Rembeureori , Holy Idol , O Ídolo Celestial , Pontifex Maximus Rembrary , Pontifex Rembrary , Seongseureoun Aidol , The High Priest Rembrary , خير, شهر و شهرة , 대신관 렘브러리",15+ - Teens 15 or older,16297,7.5,6509,47353
99,2023,"Only You, My First Love (2023)",8,99999,"Nov 30, 2023 - Dec 29, 2023",,8 min.,"['Romance', 'Drama']","['Short Length Series', 'Miniseries', 'Web Series']",,너한테만 첫사랑,"My First Love Only For You , Neohanteman Cheossalang",Not Yet Rated,0,0.0,99999,146
100,2023,Heartbeat (2023),16,563,"Jun 26, 2023 - Aug 15, 2023","Monday, Tuesday",60 min.,"['Comedy', 'Romance', 'Fantasy']","['Vampire Male Lead', 'Cohabitation', 'Cold Female Lead', 'Poor Female Lead', 'Supernatural', 'Age Gap [Drama Life]', 'Reincarnation', 'First Love', 'Age Gap [Real Life]', 'Love Triangle']","Seon Woo Hyul is a vampire who wants to become a human but ended up becoming half-human when he woke up a day before completing his 100 years of sleep. Meanwhile, Joo In Hae is a modern lady who shows no compassion about him and only wanted to survive. Will they find love and learn to care for each other now that fate brought them together? (Source: IM YourOnlyOne at MyDramaList)",가슴이 뛴다,"A Batida do meu Coração , El Latido de Mi Corazón , Gaseumi Ttwinda , Heartbeat จังหวะหัวใจ , My Heart Beats , My Heart Is Beating , Palpito d'amore , Мое сердце бьется , Серцебиття",15+ - Teens 15 or older,13251,7.4,7743,38667
101,2023,My Dearest Part 2 (2023),11,876,"Oct 13, 2023 - Nov 18, 2023","Friday, Saturday",1 hr. 11 min.,"['Historical', 'Romance', 'Drama', 'Melodrama']","['Historical Fiction', 'Power Struggle', 'Joseon Dynasty', 'Qing Invasion Of Joseon', 'Skilled Fighter', 'Political Intrigue', 'Slow Burn Romance', 'War', 'Torture', '1600s']","Jang Hyun, a cold-hearted man, finds purpose in life after meeting the charming Gil Chae, who is in love with her engaged fiancé, Yeon Jun. Yeon Jun, a Sungkyunkwan student, struggles with his feelings for Gil Chae but can't break his engagement due to tradition, while Eun Ae, Gil Chae's best friend, is unaware of the tension. As Jang Hyun becomes involved in this complicated love triangle, war erupts, further complicating their emotions. Can they navigate love and survive the chaos of war? (Source: MyDramaList)",연인 파트 2,"Lovers 2 , Lovers Part 2 , My Dearest 2 , Yeonin 2 , Yeonin Pateu 2 , 戀人2 , 연인 2",15+ - Teens 15 or older,13832,8.9,116,27422
102,2023,Mask Girl (2023),7,494,"Aug 18, 2023",Friday,60 min.,"['Thriller', 'Mystery', 'Comedy', 'Drama']","['Noir', 'Revenge', 'Black Comedy', 'Suspense', 'Inferiority Complex', 'Fake Identity', 'Graphic Violence', 'Miniseries', 'Nudity', 'Live Streamer Female Lead']","Kim Mo Mi is an ordinary office woman with a severe sense of inferiority in appearance and is caught up in various incidents while she is an internet broadcast jockey with her face covered with a mask. Joo Oh Nam is Kim Mo Mi’s coworker. He harbors a one-sided crush on Kim Mo Mi. As a character who also feels inferior about his appearance and lacks presence in general, Joo Oh Nam’s only source of joy is watching internet broadcasts. He will get swept up in an unexpected incident with Kim Mo Mi. (Source: Korean = Naver || Translation = MyDramaList) ~~ Adapted from the webtoon series ""Mask Girl"" (마스크걸) written by Maemi (매미) and illustrated by Hee Se (희세).",마스크걸,"Dívka v masce , La chica enmascarada , Maseukeugeol , Дівчина в масці , Девушка в маске , فتاة خلف القناع",18+ Restricted (violence & profanity),23632,7.6,5164,42273
103,2023,My 20th Twenty (2023),12,6052,"Apr 21, 2023 - May 27, 2023","Friday, Saturday",15 min.,"['Music', 'Supernatural']","['Short Length Series', 'Curse', 'Web Series']","So Won was born in 1981, so she should be in her forties now, but when she became twenty in 2000, she encountered a witch by chance. So Won was cursed by the witch because she turned down her favour. The curse was ""to live as a twenty-year-old woman for the rest of her life."" At first, she thinks it will be a blessing but soon suffers from the pain of losing her beloved ones and making no progress. One day, So Won happens to spot the witch in a photo, so she heads to the resort in the photo's backdrop. To lift the curse, she sneaks in as a resort staff and meets Kang Hyun and Sang Wook there. (Souce: KOCOWA)",나의 X같은 스무살,"20 Vezes 20 , My X Twenty , My X-Like 20 , Seunaui Xgateunmusal , Моё двадцатое двадцатилетие",15+ - Teens 15 or older,792,7.1,10527,2670
104,2023,Call It Love (2023),16,469,"Feb 22, 2023 - Apr 12, 2023",Wednesday,1 hr. 10 min.,"['Romance', 'Drama', 'Melodrama']","['Slow Burn Romance', 'Loneliness', 'Lonely Male Lead', 'Slow Burn Story', 'Family Relationship', 'Healing', 'Protective Female Lead', 'Enemies To Lovers', 'Trauma', 'Long Time Friends']","Life's difficulties can take a toll on anyone, and this romantic melodrama portrays the story of a man and woman who are deeply affected. Through their growing empathy and understanding of each other, they embark on a transformative journey filled with new emotions. Sim U Ju's life takes a turn for the worse after her father's death when she's forced out of her home by his mistress. Seeking revenge, she approaches Han Dong Jin, the son of her father's ex-lover. As she spends more time with him, she realizes that she's fallen in love. Han Dong Jin, a workaholic with a lonely life, finds his world turned upside down by Sim U Ju's arrival. (Source: CK Warrior at MyDramaList)",사랑이라 말해요,"Chiamalo Amore , Isso Se Chama Amor , Please Say This Is Love , Sarangira Malhaeyo , Tell Me It's Love , Називай це коханням , Скажи мне, что это любовь , 思量이라 말해요",13+ - Teens 13 or older,15664,8.2,1385,43664
105,2023,Because I Live in America (2023),5,99999,"Feb 3, 2023 - Feb 17, 2023",,15 min.,"['Comedy', 'Romance', 'Drama']","['Short Length Series', 'Miniseries', 'Web Series']",,미국 살 끄니까,"Miguk Sal Kkeunikka , Mikugsalkkeunikka , 미국살끄니까",Not Yet Rated,0,0.0,99999,12
106,2023,The Eighth Sense (2023),10,362,"Mar 29, 2023 - Apr 26, 2023",Wednesday,36 min.,"['Romance', 'Drama', 'Melodrama']","['Gay Romance', 'LGBTQ+', 'Young Adult Male Lead', 'Gay Male Lead', 'Bisexual Male Lead', 'University', 'Trauma', 'Surfing', 'Student Male Lead', 'Senior-Junior Relationship']","Ji Hyeon, a new student from a peaceful rural town, struggles to adjust to the bustling city life of Seoul. While at university, he meets Jae Won, who has just completed military service. As they share a love of surfing, they begin to develop feelings for each other. During a surfing trip, they share a kiss, but Jae Won acts as if nothing happened, leaving Ji Hyeon confused about their connection. (Source: CK Warrior at MyDramaList)",여덟 번째 감각,"Yeodeolbbeonjjae Gamgak , 여덟번째감각",15+ - Teens 15 or older,31838,8.0,2618,52489
107,2023,Daily Dose of Sunshine (2023),12,216,"Nov 3, 2023",Friday,1 hr. 10 min.,"['Life', 'Drama', 'Medical']","['Nurse Female Lead', 'Mental Illness', 'Healing', 'Mental Hospital Setting', 'Nice Female Lead', 'Depression', 'Doctor Male Lead', ""Co-workers' Relationship"", 'Heartwarming', 'Slight Romance']","Jung Da Eun, a nurse, is transferred to the neuropsychiatry department, facing challenges as she navigates this unfamiliar field. With the support of Chief Nurse Song Hyo Jin, she grows professionally. Meanwhile, doctor Dong Go Yun, specializing in proctology, finds himself drawn to Jung Da Eun's purity, feeling healed by her presence. Jung Da Eun is also friends with Song Yu Chan, who hides a deep inner pain despite his cheerful exterior. (Source: MyDramaList) ~~ Adapted from the webtoon ""Jeongsinbyeongdongedo Achimi Wayo"" (정신병동에도 아침이 와요) by Iraha (이라하).",정신병동에도 아침이 와요,"A Manhã Vem à Ala Mental , Jeongsinbyeongdongedo Achimi Wayo , Morning Comes to Psychiatric Wards Too , Morning Comes to the Mental Ward , Trochu slunce každý den , Uma Dose Diária de Sol , Un Raggio di Sole al Giorno , Una Dosis de Sol , Ежедневная доза солнечного света , Щоденна доза сонця , جرعة يومية من التفاؤل",15+ - Teens 15 or older,36233,8.8,192,71064
108,2023,To Be Honest (2023),3,99999,"Jun 30, 2023 - Jul 14, 2023",Friday,10 min.,"['Youth', 'Drama']","['Short Length Series', 'Miniseries', 'Web Series', 'Advertisement', 'Friendship']","Don't you have those days where the whole universe seems to be against you? For example, when you're called on in class, or you get your period right before your exams begin, or when you're talking to someone your really like but have an eye booger. But perhaps it's more that I didn't want my life to be so smooth-sailing. Why did my life turn out this way? To be honest, I want to go home. (Source: 콬TV Youtube)",솔직하게 말해서,Soljikhage Malhaeseo,Not Yet Rated,19,6.5,35341,162
109,2023,Convenience Store Bejjangi (2023),15,99999,"Sep 25, 2023 - Oct 18, 2023",,1 min.,['Comedy'],"['Short Length Series', 'Web Series']",,편의점 베짱이,"Convenience Store Baejjangi , Pyeonuijeom Bejjangi",Not Yet Rated,0,0.0,99999,8
110,2023,The First Responders Season 2 (2023),12,1227,"Aug 4, 2023 - Sep 9, 2023","Friday, Saturday",1 hr. 10 min.,"['Action', 'Thriller', 'Mystery', 'Drama']","['Paramedic Female Lead', 'Detective Fiction', 'Detective Male Lead', 'Firefighter Male Lead', 'Teamwork', 'Investigation', 'Suspense', 'Forensic Science', 'Slight Romance', 'Emergency Service']","The season continues to follow the joint operations of the police force, fire department, and paramedics, showcasing their bravery and teamwork in the face of danger. However, this time, viewers will get a deeper understanding of the characters’ motivations and personal struggles. (Source: KoreanDramas.info)",소방서 옆 경찰서 그리고 국과수,"Equipe de Emergência 2 , Sobangseo Yeop Gyeongchalseo 2 , Sobangseo Yeop Gyeongchalseo Geurigo Gukgwasu , Sobangseo Yeop Gyeongchalseo Sijeun 2 , Specialisté prvního zásahu – řada 2. , The First Responders 2 , The First Responders ซีซั่น 2 , The Police Station Next to Fire Station Season 2 , The Police Station Next to the Fire Station and National Forensic Service , Полицейский участок рядом с пожарной частью 2 , 소방서 옆 경찰서 시즌2",15+ - Teens 15 or older,10702,8.7,292,20572
111,2023,Brain Works (2023),16,2159,"Jan 2, 2023 - Feb 28, 2023","Monday, Tuesday",1 hr. 10 min.,"['Mystery', 'Comedy']","['Crime Solving Duo', 'Polar Opposites', 'Investigation', 'Smart Male Lead', 'Teamwork', 'Murder', 'Psychology', 'Aggressive Male Lead', 'Rich Male Lead', 'Raised By An Uncle/Aunt']","Sin Ha Ru, a confident and wealthy neuroscientist from a family of doctors, has no mercy for those he deems scum. Geum Myeong Se, a surly detective, is mistaken for corrupt but is actually kind and righteous. Together with hypnotic investigator Seol So Jeong, they solve criminal cases. (Source: MyDramaList)",두뇌공조,"Brain Collaboration , Brain Cooperation , Dunoegongjo , Trabalho Cerebral , Мозговой штурм , 頭腦共助",15+ - Teens 15 or older,3708,8.0,2478,11211
112,2023,Between Friendship and Love Season 4 (2023),6,99999,"Jun 27, 2023 - Aug 1, 2023",,7 min.,"['Romance', 'Drama']","['Short Length Series', 'Miniseries', 'Web Series']",,사당보다 먼 의정부보다 가까운 시즌4,"Between Friendship and Love 4 , Sadangboda Meon uijeongbuboda Kakkaun 4 , Sadangboda Meon uijeongbuboda Kakkaun Sijeun 4 , Sameonuiga , 사먼의가4",Not Yet Rated,0,0.0,99999,16
113,2023,Durian's Affair (2023),16,4833,"Jun 24, 2023 - Aug 13, 2023","Saturday, Sunday",1 hr. 10 min.,"['Romance', 'Fantasy', 'Melodrama']","['Historical Fiction', 'Multiple Mains', 'Infidelity', 'Multiple Couples', 'Joseon Dynasty', 'Time Travel', 'Raised By A Grandparent', 'Assistant Director Supporting Character', 'Married Female Lead', 'Married Male Lead']","A melodramatic fantasy in which two women from Joseon Dynasty, belonging from a noble family, become intertwined with men through time travel to the year 2023, the present. (Source: HanCinema)",아씨두리안,"Assi Durian , Durian Fairy , Lady Durian , Miss Durian , Mrs. Durian , Seonnyeo Durian , The Fairy Durian , 선녀두리안",15+ - Teens 15 or older,929,7.2,9569,3803
114,2023,The Third Marriage (2023),132,7236,"Oct 23, 2023 - May 3, 2024","Monday, Tuesday, Wednesday, Thursday, Friday",35 min.,"['Romance', 'Melodrama']",['Revenge'],A drama depicting the story of love and marriage that blooms in the turbulent truth game of a woman who lives a life of manipulation and a woman who struggles to uncover and punish lies. (Source: Korean = Wikipedia || Translation = MyDramaList),세 번째 결혼,"Mujogeon, Yokmang , O Terceiro Casamento , Se Beonjjae Gyeolhon , Unconditional, Desire , 무조건, 욕망",15+ - Teens 15 or older,442,6.9,11609,1993
115,2023,Meant to Be (2023),120,10215,"Apr 17, 2023 - Oct 20, 2023","Monday, Tuesday, Wednesday, Thursday, Friday",35 min.,"['Romance', 'Family', 'Melodrama']","['Multiple Mains', 'Revenge']","Chi Hwan believes in money and authority more than the law and strives to live at the top of the ladder. His mother had to face wrongful death when he was young, and he suffered from poverty and war alone. To put an end to the misery, he rose out of poverty to great wealth and became a successful chairman of Shine Cosmetics. Se Na, who is actually Yi Chang's biological daughter, grows up as the daughter of Chi Hwan and dreams of becoming his sole heir. She wants to be with Jin Woo, but sadly, she realizes he is in love with Hae In, Chi Hwan's biological daughter. By an ironic twist of fate, Hae In lost her mother as a child and was adopted by Yi Chang. How will the fate of the fathers and daughters unravel? (Source: Viki)",하늘의 인연,"Fate of Heaven , Haneului Inyeon , The Fate of Heaven",15+ - Teens 15 or older,226,7.1,10654,1083
116,2023,Journey to Mirae (2023),5,99999,"Oct 6, 2023 - Nov 3, 2023",,13 min.,"['Romance', 'Drama']","['Workplace Setting', 'Short Length Series', 'Miniseries', 'Web Series']",,우리들의 미래,"Our Future , Urideului Mirae , 우리들의미래",Not Yet Rated,0,0.0,99999,4
117,2023,Dreaming Island (2023),5,99999,"Jul 6, 2023",Thursday,13 min.,"['Romance', 'Fantasy']","['Tourism Industry', 'Vacation Setting', 'Dreamer Female Lead', 'Starting Over', 'Bad/Wrong Tag', 'Short Length Series', 'Height Difference', 'Past Life', 'Adapted From Folklore', 'Return To Hometown']",A Yeosu tourism promotion. A romance fantasy based on the story of Odol-yi on Geomundo Island. (Source: HanCinema),꿈꾸는 섬,Kkumkkuneun Seom,Not Yet Rated,5,6.8,99999,32
118,2023,Song of the Bandits (2023),9,1812,"Sep 22, 2023",,58 min.,"['Action', 'Thriller', 'Historical', 'Drama']","['Historical Fiction', 'Japanese Colonial Rule', 'Graphic Violence', 'War', 'Military', 'Korean Independence', 'Revenge', 'Criminal Supporting Character', 'Criminal Male Lead', 'Bandit Male Lead']","An action melodrama in which the people who have been deprived of their livelihoods blow a refreshing shot for their family and colleagues, set in the 1920s during the Japanese colonial period. (Source: Naver)",도적: 칼의 소리,"Bandit: The Sound of the Sword , Canto dos Bandidos , Dojeog: Kalui Soli , Píseň banditů , Thief , Thief: The Sound of the Sword , Пісня розбійників",18+ Restricted (violence & profanity),4649,8.2,1537,13903
119,2023,Ririko's Social Life (2023),5,99999,"Mar 31, 2023 - Jun 8, 2023",,5 min.,['Comedy'],"['Short Length Series', 'Miniseries', 'Web Series']",,리리코의 사회생활,Ririkoui Sahoesaenghwal,Not Yet Rated,0,0.0,99999,5
120,2023,The Worst of Evil (2023),12,302,"Sep 27, 2023 - Oct 25, 2023",Wednesday,53 min.,"['Action', 'Thriller', 'Mystery', 'Crime']","['Gang', 'Graphic Violence', 'Skilled Fighter', 'Investigation', 'Married Male Lead', 'Noir', '1990s', 'Suspense', 'Drug Dealer Male Lead', 'Gangster Male Lead']","Set in 1990s Seoul, rural police officer Park Jun Mu goes undercover to infiltrate a drug cartel behind the powerful new drug ""Gangnam Crystal."" As he uncovers the organization's secrets, he learns that his wife, detective Yoo Eui Jeong, is also involved, and may share a hidden past with the cartel’s kingpin. Torn between duty and love, Park fights to dismantle the operation while protecting his wife. (Source: MyDramaList)",최악의 악,"Choeagui Ag , Choeagui Ak , O Pior do Mal , The Worst Evil , Zło Absolutne , Найгірше зло , Худшее из зол , המרושע ביותר",18+ Restricted (violence & profanity),21888,8.6,324,58513
121,2023,My Lovely Liar (2023),16,163,"Jul 31, 2023 - Sep 19, 2023","Monday, Tuesday",1 hr. 5 min.,"['Mystery', 'Comedy', 'Romance', 'Supernatural']","['Human Lie Detector', 'Psychic Female Lead', ""Neighbors' Relationship"", 'Musician Male Lead', 'Supernatural Power', 'Hidden Identity', 'Friendship', 'Talented Male Lead', 'Nice Male Lead', 'Character Development']","Mok Sol Hee is a young woman with the supernatural ability to hear people’s lies, leaving her disillusioned and distrustful of others. Her outlook changes when she meets Kim Do Ha, a music producer hiding next door after becoming embroiled in a murder case. As she discovers that her ability doesn't work on him, she becomes intrigued by the mysterious man. But will she uncover the secrets of his heart? (Source: MyDramaList)",소용없어 거짓말,"Meu Adorável Mentiroso , Soyongeobseo Geojismal , Useless Lies , Дорама Бесполезная Ложь , Мій милий брехун , שקרן מקסים שלי , حبيبي الكاذب",15+ - Teens 15 or older,39763,8.2,1809,84556
122,2023,Maestra: Strings of Truth (2023),12,3439,"Dec 9, 2023 - Jan 14, 2024","Saturday, Sunday",59 min.,"['Music', 'Thriller', 'Mystery', 'Drama']","['Orchestra Conductor Female Lead', 'Classical Music', 'Non-MDL Remake', 'Musician Supporting Character', 'Symphony Orchestra', 'Orchestra Conductor Supporting Character', 'Composer Male Lead', 'Violinist Supporting Character', 'Violinist Female Lead', 'Cellist Supporting Character']","Cha Se Eum used to be a violinist, but she is now a conductor of an orchestra. She has pursued her career boldly and with passion. She is now in a position where others are envious. What others don't know is that Cha Se Eum carries a secret. That secret will shake her life. Meanwhile, mysterious cases take place within her orchestra. Cha Se Eum looks into the cases and approaches the truth surrounding her. (Source: AsianWiki) ~~ Remake of the French TV series “Philharmonia"" [2019].",마에스트라,"Maeseuteura , Maestra , Маэстра",15+ - Teens 15 or older,1820,8.1,2285,6261
123,2023,My Dearest (2023),10,379,"Aug 4, 2023 - Sep 2, 2023","Friday, Saturday",1 hr. 20 min.,"['Historical', 'Romance', 'Drama', 'Melodrama']","['Joseon Dynasty', 'Gay Supporting Character', 'Older Man/Younger Woman', 'Qing Invasion Of Joseon', 'Historical Fiction', 'Spoiled Female Lead', 'War', 'Determined Female Lead', 'Character Development', 'Unrequited Love']","A love-story between a noblewoman and a mysterious man who shows up in her hometown set in the 1600s during the Qing invasion. Yoo Gil Chae is a pretty, bubbly, and a bit spoiled young lady who's called the 99 tailed fox of Neunggun-ri. She is also a bit of an outcast because other young ladies are jealous of her. They seem to think she's too straightforward and her behavior is inappropriate for a young lady, while young noblemen think highly of her. Gil Chae knows how to get men to fall for her but fails to capture the heart of the person she likes. Lee Jang Hyeon is a mysterious man who suddenly appears in the Neunggun-ri social scene. Nobody really knows anything about him. Young nobles don't like him, but the elderly are wrapped around his finger. He's been dating around a lot, but he becomes curious about a certain 99 tailed fox, and one day, the said fox quite literally crash lands into his arms. Once war is brewing, the pair finds themselves separated before they could even start to make sense of their feelings. (Source: soloTraveler at MyDramaList)",연인,"Lovers 1 , My Dearest 1 , My Dearest Part 1 , Yeonin 1 , 戀人1 , 연인 파트 1",15+ - Teens 15 or older,19493,8.9,96,50859
124,2023,O'PENing 2023,8,21524,"Jul 13, 2023",Thursday,1 hr. 15 min.,['Drama'],"['Anthology', 'Miniseries']","O’PENing 2023 (planned by CJ ENM, produced by Studio Dragon) is a joint tvN X TVING drama project consisting of works by 7 new writers with free forms and innovative attempts. (Source: Korea Posts English)",오프닝 2023,"Opeuning 2023 , tvN X TVING 프로젝트 'O'PENing(오프닝) 2023'",15+ - Teens 15 or older,31,7.6,18510,250
125,2023,He’s from the North After All (2023),10,99999,"Feb 27, 2023 - Mar 10, 2023",Monday,1 min.,['Comedy'],"['Short Length Series', 'Miniseries', 'Web Series']",,걘역시북방계,Gyaenyeoksibukbanggye,Not Yet Rated,0,0.0,99999,11
126,2023,Stealer: The Treasure Keeper (2023),12,2238,"Apr 12, 2023 - May 18, 2023","Wednesday, Thursday",60 min.,"['Action', 'Adventure', 'Mystery', 'Comedy']","['Double Identity', 'Thief Male Lead', 'Heist', 'Staged Death', 'Physically Strong Female Lead', 'Physically Strong Male Lead', 'Emotionally Strong Female Lead', 'Cultural Heritage', 'Police Inspector Female Lead', 'Police Inspector Male Lead']","A professional thief, ""Skunk"" (real name Hwang Dae Myeong), forms an unofficial team, ""Team Karma,"" to recover stolen cultural assets, embarking on a massive heist to retrieve 30 trillion won worth of treasures and spiritual beads that promise eternal life. The mission is illegal yet morally justified, as they confront a ruthless group. By day, Dae Myeong is a modest civil servant at the Cultural Heritage Administration, but by night, he’s a daring thief. As the Seoul Metropolitan Police recovers missing assets, both of his lives begin to unravel. (Source: MyDramaList)",스틸러: 일곱 개의 조선통보,"Kareuma: Ilgob Gaeui Joseontongbo , Karma: Seven Joseon Notices , Setilreo: Ilgob Gaeui Joseontongbo , Stealer: Seven Joseon Notices , 스틸러: 일곱 개의 朝鮮통보 , 카르마: 일곱 개의 조선통보",15+ - Teens 15 or older,2912,7.7,4316,10741
127,2023,Bronze? Gold! Season 2 (2023),10,99999,"Nov 26, 2023 - Dec 18, 2023",,5 min.,['Comedy'],"['Short Length Series', 'Miniseries', 'Web Series']",,브론즈? 골드! 시즌2,"Beuronjeu? Goldeu! 2 , Beuronjeu? Goldeu! Sijeun 2 , Bronze? Gold! 2 , 브론즈? 골드!2",Not Yet Rated,0,0.0,99999,4
128,2023,The Secret Romantic Guesthouse (2023),18,1234,"Mar 20, 2023 - May 16, 2023","Monday, Tuesday",1 hr. 10 min.,"['Historical', 'Mystery', 'Romance', 'Drama']","['Hidden Identity', 'Joseon Dynasty', 'Teamwork', 'Friendship', 'Investigation', 'Childhood Connection', 'Secret', 'Boarding House Setting', 'Debt Passed To Children', 'Scholar Male Lead']","Yoon Dan Oh had enjoyed a comfortable life as the beloved youngest daughter of a well-off family, but no longer. Now the family breadwinner, she runs the Ihwawon Inn. Current guests are scholars taking the civil service entrance exam in the hopes of becoming high-ranking officials. Among them are Kang San, Kim Si Yeol, and Jeong Yoo Ha, who all have deep secrets. They and Yoon Dan Oh will share information and cooperate to find Lee Seol, who disappeared 13 years ago. (Source: MyDramaList) ~~ Adapted from the novel ""Flower Scholar’s Love Story"" (꽃선비열애사) by Kim Jung Hwa (김정화).",꽃선비 열애사,"Flower Scholars Love Story , Flower Scholars' Love Story , História de Amor dos Estudiosos das Flores , Kkochseonbiyeolaesa , Kkotseonbi Yeolaesa , Romantic Guest House , The Love Story of Flower Scholars , Романтический гостевой дом , بوتيك الأسرار , 꽃선비열애사",15+ - Teens 15 or older,6517,8.1,1919,20520
129,2023,Death's Game (2023),4,107,"Dec 15, 2023",Friday,55 min.,"['Thriller', 'Drama', 'Fantasy']","['Death', 'Survival', 'Poor Male Lead', 'Supernatural Being', 'Difficult Adulthood', 'Graphic Violence', 'Reincarnation', 'Depressed Male Lead', 'Suicidal Male Lead', 'Desperate Male Lead']","After struggling for seven years without securing a stable job, Choi I Jae becomes engulfed in despair and hopelessness. Believing that ending his life would be the solution, I Jae is met with a surprise when he meets the entity known as Death at the gateway to Hell. Death assigns him a unique punishment: I Jae must endure death in 12 different bodies. To avoid his fate in Hell, he must find a way to survive. (Source: AsianWiki; edited by Raisa at MyDramaList) ~~ Adapted from the webtoon ""Ije God Jukseubnida"" (이제 곧 죽습니다) written by Lee Won Sik (이원식) and illustrated by Gul-chan (꿀찬)","이재, 곧 죽습니다","Death's Game Part 1 , El Juego de la Muerte , I Will Die Soon , I Will Die Soon Part 1 , I'll Die Soon Part 1 , Ijae, Got Jukseupnida , Ije God Jukseubnida Pateu 1 , Il Gioco della Morte , Le Jeu De La Mort , O Jogo da Morte , Spiel des Todes , Yi Jae, You’ll Die Soon Part 1 , Гра смерті , И Джэ скоро умрёт , لعبة الموت , เกมท้าตาย , 死期将至 , 이재 곧 죽습니다 파트 1 , 이재, 곧 죽습니다 파트 1",18+ Restricted (violence & profanity),53267,8.8,164,103733
130,2023,"Yes, I See (2023)",10,23460,"Aug 28, 2023 - Sep 8, 2023","Monday, Tuesday, Wednesday, Thursday, Friday",1 min.,"['Romance', 'Youth', 'Drama']","['Student Supporting Character', 'Student Female Lead', 'Student Male Lead', 'School Setting', 'Campus Setting', 'Short Length Series', 'Filmed Vertically', 'University', 'Miniseries', 'Web Series']","The drama depicts various romantic episodes with the opposite sex that take place as the main character who just entered college, leads his college life. (Source: HanCinema)","그래, 그랬구나","Geurae, Geuraetguna",Not Yet Rated,6,6.2,39099,206
131,2023,Finland Papa (2023),6,6083,"Apr 29, 2023 - May 14, 2023","Saturday, Sunday",28 min.,"['Life', 'Drama']","['Café Setting', 'Found Family', 'Healing', 'Raised By A Grandparent', 'Absent Parent', 'Barista Female Lead', 'Café Owner Male Lead', 'Gambler Supporting Character', 'Part-time Worker Female Lead', 'Childhood To Working Life']","Lee Yu Ri, devastated by her grandmother's passing, seeks a fresh start and applies for a job at Finland Papa, a café run by the enigmatic ""Papa."" To her surprise, sharing a meal serves as her interview. Hired, she soon realizes that none of the staff know Papa's identity. They must adopt “family names” and always dine together, echoing her grandmother’s wisdom and memories of her first love, Baek Woo Hyun, who never let her eat alone. As she settles in, she wonders if this café might lead her back to him. (Source: MyDramaList)",핀란드 파파,"Finnish Papa , Pinlandeu Papa , ฮีลใจรัก ฉบับคาเฟ่ Finland Papa",Not Yet Rated,873,7.3,8722,2653
132,2023,True to Love (2023),14,576,"Apr 12, 2023 - May 25, 2023","Wednesday, Thursday",1 hr. 10 min.,"['Comedy', 'Romance', 'Life', 'Melodrama']","['Heartbreak', 'Love/Hate Relationship', ""Best Friends' Relationship"", 'Multiple Couples', 'Enemies To Lovers', 'Writer Female Lead', 'Inner Monologue', 'Mean Male Lead', 'Nice Male Lead', 'Sibling Rivalry']","The series follows the romantic journey of Yeon Bo Ra, a celebrated love coach and successful author of romance novels, and Lee Soo Hyuk, a charming man who grapples with matters of the heart. As a discerning publishing planner, Soo Hyuk is not easily impressed and initially has a negative impression of Bo Ra. However, their lives become entangled unexpectedly, and he becomes increasingly drawn to her. Meanwhile, Han Sang Jin, Soo Hyuk's friend and business associate, heads the Jinri book publishing company. (Source: CK Warrior at MyDramaList)",보라! 데보라,"Bo Ra! Deborah , Bo ra! Deborah: Uma História Agridoce , Bora! Debora , Fedeli all'amore , Fiel al Amor , Fiel ao Amor , I'm Serious About Dating , Yeonaee Jinsimin Pyeon , Yeonaeui Jinsimin Pyeon , Бора! Дебора , بو را! ديبوراه , 연애에 진심인 편 , 연애의 진심인 편",15+ - Teens 15 or older,17705,8.1,2220,37984
133,2023,Unpredictable Family (2023),131,5528,"Sep 18, 2023 - Mar 22, 2024","Monday, Tuesday, Wednesday, Thursday, Friday",30 min.,"['Comedy', 'Romance', 'Drama', 'Family']","['Family Secret', 'Misunderstanding', 'Searching For A Child', 'Workplace Setting', 'Workplace Romance', 'Boss-Employee Relationship', 'Director Male Lead', 'Flashback To Past', 'Rich Male Lead', 'Café Owner Supporting Character']","Eun Sung, an aspiring actress, has struggled for over three years in the theater, working behind the scenes while dreaming of stardom. Sun Woo, a successful Hollywood director, falls in love with her, and they decide to marry. However, their parents, Dong Gu and Jung Ae, are former enemies with a bitter past. As the two families clash over the couple’s marriage, a chaotic, humorous, and unexpected family dynamic unfolds. (Source: MyDramaList)",우당탕탕 패밀리,"Bumpy Family , Família Imprevisível , Tumbling Family , Udangtangtang Family , Udangtangtang Paemilri",Not Yet Rated,498,7.0,10811,3092
134,2023,Tell Me That You Love Me (2023),16,980,"Nov 27, 2023 - Jan 16, 2024","Monday, Tuesday",60 min.,"['Romance', 'Life', 'Drama', 'Melodrama']","['Sign Language', 'Deafness', 'Deaf Male Lead', 'Cold Man/Warm Woman', 'Slow Burn Romance', 'Age Gap [Real Life]', 'Healing', 'Disabled Male Lead', 'Actress Female Lead', 'Artist Male Lead']","Cha Jin Woo is a deaf artist. He is used to expressing his feelings through drawings instead of speaking, as most are unwilling to learn sign language or even get to know him. He happens to meet Jung Mo Eun. She is an aspiring actress and used to expressing her feelings through words. She befriends Cha Jin Woo and starts learning sign language, beginning to appreciate him and his silent world. Cha Jin Woo and Jung Mo Eun fall in love with each other and learn how to navigate communication, relationships, and love. (Source: AsianWiki; edited by MyDramaList)",사랑한다고 말해줘,"Saranghandago Malhaejwo , Say You Love Me , Tell Me Who You Love , Tell Me You Love Me , Скажи, что любишь меня , Скажи, що кохаєш мене",15+ - Teens 15 or older,6942,8.4,812,25113
135,2023,My Sister (2023),10,12672,"Mar 14, 2023 - May 29, 2023",,8 min.,['Romance'],"['Short Length Series', 'Miniseries', 'Web Series']",,여동사친,Yeodongsachin,Not Yet Rated,222,6.9,11646,721
136,2023,Walk to Kwangya 2023,4,99999,"Jul 28, 2023 - Aug 18, 2023",Friday,12 min.,"['Romance', 'Youth']","['Short Length Series', 'Miniseries', 'Web Series', 'Advertisement']","Ji Hoon and So Young have been best friends for the past 10 years. Ji Hoon, who had had a crush on So Young for n years, decided to confess her! Is there a suspicious person next to So Young?! A romance fantasy that takes place at the KB Kookmin Bank Gwangya branch. (Source: Korean = KB국민은행 YouTube || Translation = MyDramaList)",광야로 걸어가 2023,"Caminhe até Kwangya 2023 , Gwangyaro Geoleoga 2023 , Walking through Kwangya 2023",Not Yet Rated,33,6.6,34477,167
137,2023,Living Together at Seventeen (2023),10,99999,"Apr 21, 2023 - Jun 23, 2023",Friday,11 min.,"['Romance', 'Youth']","['Abusive Parent', 'Student Supporting Character', 'Student Female Lead', 'Student Male Lead', 'School Setting', 'Short Length Series', 'Popular Female Lead', 'Fan Culture', 'Hidden Personality', 'Hidden Identity']",What? You're 17 and you're living with a guy. I've never seen anything like this before... What's going on between you two? It's not like I'm at school. Ina's desperate struggle not to be caught in school by her tomboy. (Source: MU.D YouTube),열일곱에 동거중,"Living Together at 17 , Yeolilgobe Donggeojung",Not Yet Rated,10,6.9,30068,89
138,2023,Star Struck (2023),8,1447,"May 18, 2023 - Jun 8, 2023",Thursday,17 min.,"['Romance', 'Youth']","['Jealous Male Lead', 'Possessive Male Lead', 'Gay Male Lead', 'Gay Romance', 'Friendship', 'High School To College', 'Poor Male Lead', ""Best Friends' Relationship"", 'LGBTQ+', 'Miniseries']","When love is kept for a long time...will that feeling blossom? Seo Han Joon has been in love with his childhood friend, Jo Yoo Jae, for a long time. He knew his feelings wouldn’t be reciprocated, and it didn’t matter because he never even dreamed of confessing to him. But this time, he wanted to express his love... (Source: blupdate2020 at Twitter; edited by Khai at MyDramaList) ~~ Adapted from the novel ""Star Struck"" (스타스트럭) by Ha Tae Jin (하태진).",스타스트럭,"Starstruck , มองฟ้าหารัก",15+ - Teens 15 or older,8150,6.7,12146,17922
139,2023,The Deal (2023),8,2749,"Oct 6, 2023 - Oct 27, 2023",Friday,45 min.,"['Thriller', 'Mystery', 'Crime', 'Drama']","['School Reunion', ""Childhood Friends' Relationship"", 'Former Athlete Male Lead', ""Classmates' Relationship"", 'Hostage Situation', 'Postgraduate Student Male Lead', 'Kidnapper Male Lead', 'Police Officer Supporting Character', 'Young Adult Male Lead', 'Criminal Male Lead']","Former classmates Lee Jun Seong and Song Jae Hyo, both struggling financially, reunite with wealthy Park Min U for drinks. When Min U passes out drunk, Jun Seong and Jae Hyo impulsively plot a fake kidnapping to solve their money problems, but things spiral out of control when a hidden witness threatens to expose everything. (Source: Viki) ~~ Adapted from the webtoon ""Deal"" (거래) by Woonam20. ~~ Release dates: October 5, 2023 (Festival) || October 6, 2023 (Online)",거래,"Deal , Georae , O Acordo , The Perfect Deal",15+ - Teens 15 or older,1847,7.8,4182,8323
140,2023,Battle for Happiness (2023),16,3943,"May 31, 2023 - Jul 20, 2023","Wednesday, Thursday",60 min.,"['Thriller', 'Mystery', 'Drama']","['Female Centered Plot', 'Office Worker Supporting Character', 'Office Worker Female Lead', 'Child Supporting Character', 'Teacher Supporting Character', 'Attorney Supporting Character', 'Doctor Supporting Character', 'Hatred', 'Flashback To Past', 'Social Media']","A suspense drama depicting mothers engaged in a fierce social media battle to destroy each others' happiness for their own, to free themselves from oppression, hurt, and secrets, and regain their true selves. (Source: HanCinema) ~~ Adapted from the novel ""Haengbokbaeteul"" (행복배틀) by Joo Young Ha (주영하).",행복배틀,"Batalha da Felicidade , Battle of Happiness , Haengbokbaeteul , Hapiness Battle , Happiness Battle , Happy Battle",Not Yet Rated,1362,7.8,3479,5126
141,2023,The Escape of the Seven: War for Survival (2023),17,1414,"Sep 15, 2023 - Nov 17, 2023","Friday, Saturday",1 hr. 15 min.,"['Thriller', 'Mystery', 'Drama']","['Multiple Mains', 'Suspense', 'Talent Agency Setting', 'Revenge', 'Violence', 'Rich Male Lead', 'Abusive Female Lead', 'Famous Female Lead', 'Blackmail', 'Hidden Identity']","What do a drama production company CEO, an ex-gangster, a wannabe idol, an OB-GYN doctor, an entertainment CEO, a school art teacher and a detective have in common? These 7 individuals were all involved in the heated case of a missing girl. As they attempt to escape their fate and pursue the truth, they find themselves embroiled in secrets, lies, and desires in this retribution tale. (Source: MyDramaList)",7인의 탈출,"7 Escape , 7 Escape: War for Survival , 7 Ineui Talchul , 7人的逃脫 , A Fuga dos Sete , Seven Escape , The Escape of Seven , The Escape of the 7 , The Escape of the Seven , Побег семерых , الهاربون السبعة",15+ - Teens 15 or older,4958,7.6,5922,18317
142,2023,Decoy: Part 1 (2023),6,4049,"Jan 27, 2023 - Feb 10, 2023",Friday,1 hr. 6 min.,"['Thriller', 'Mystery', 'Crime', 'Drama']","['Police Corruption', 'Multiple Timelines', 'Criminal Organization', 'Investigation', 'Staged Death', 'Pyramid Scheme', 'Ill Female Lead', 'Former Lawyer Male Lead', 'Anxious Female Lead', 'Swindler Male Lead']","Eight years ago, Noh Sang Cheon, the mastermind behind a massive financial fraud that swindled thousands of South Koreans, was believed to have died after fleeing to China. Now, detective Goo Do Han, investigating a domestic murder, uncovers evidence linking Noh to the crime. With doubts about Noh's death, Goo must uncover whether the fraudster is still alive and, if so, where he's been hiding, while also exploring a possible connection between the old fraud and the recent murder. (Source: MyDramaList)",미끼 파트1,"Bait 1 , Bait Season 1 , Beomjoeui Yeondaegi 1 , Beomjoeui Yeondaegi Sijeun 1 , Chronicles of Crime , Chronicles of Crime 1 , Chronicles of Crime Season 1 , Decoy 1 , Decoy Season 1 , Isca: Parte 1 , Mikki 1 , Mikki Sijeun 1 , 미끼 시즌1 , 미끼1 , 범죄의 연대기 시즌1 , 범죄의 연대기1",Not Yet Rated,1322,7.9,3452,4944
143,2023,Happy Merry Ending (2023),8,1440,"Apr 27, 2023 - May 19, 2023","Thursday, Friday",15 min.,"['Romance', 'Drama']","['Gay Male Lead', 'Gay Romance', 'LGBTQ+', 'Adapted From A Webtoon', 'Panic Disorder', 'Opposites Attract', 'Singer Male Lead', 'Company President (CEO) Male Lead', 'Anxiety', 'Flashback To Past']","Seung Jun is a singing coach and part-time singer at weddings, where he performs without any enthusiasm. He is insecure and withdrawn and has suffered panic attacks since being brutally dumped by his first love. Jae Hyeon, a newly hired pianist at the wedding venue, becomes instantly besotted when he meets Seung Jun and immediately sets out to pursue him romantically. Seung Jun, while not rejecting Jae Hyeon’s advances outright, is unable to let anyone get close to him. As the two continue to work together at weddings, will the warm and outgoing Jae Hyeon succeed in wearing down Seung Jun’s defences? (Source: MyDramaList) ~~ Adapted from the webtoon “Happy Merry Ending” (해피메리엔딩) by dorae (도래).",해피메리엔딩,"Haepi Meri Ending , Счастливый конец",13+ - Teens 13 or older,8929,7.1,10129,17988
144,2023,Bloodhounds (2023),8,124,"Jun 9, 2023",Friday,60 min.,"['Action', 'Thriller', 'Crime', 'Drama']","['Bromance', 'Debt', 'Graphic Violence', 'Skilled Fighter', 'Boxer Male Lead', 'Friendship', 'Teamwork', 'Boxing', 'Fraud', 'Poor Male Lead']","When reserved rookie boxer Kim Geon U squares off against loquacious southpaw Hong U Jin, Geon U narrowly prevails — but the two former marines become fast friends. As their friendship grows, so do the financial woes that plague Geon U’s mother. To save her quaint café from going under, she signs off on a hefty loan. But when it turns out she’s been targeted by Smile Capital — a ruthless loan shark business — Geon U and U Jin do everything in their power to make it right. Fate intervenes as the pair end up working for a generous moneylender whose foster daughter is dead set on taking down the loan sharks. (Source: Netflix) ~~ Adapted from the webtoon ""Bloodhounds"" (사냥개들) by Jeong Chan (정찬).",사냥개들,"Hound Dogs , Hounds , Hunting Dogs , Kopók , Sanyanggaedeul",18+ Restricted (violence & profanity),57652,8.7,259,99797
145,2023,From Classmate to Roommate (2023),12,99999,"Apr 19, 2023 - Jul 5, 2023",Wednesday,10 min.,"['Comedy', 'Romance', 'Youth']","['Student Female Lead', 'Student Male Lead', 'School Setting', ""Roommates' Relationship"", ""Classmates' Relationship"", 'Idol Female Lead', 'Short Length Series', 'High School', 'Web Series', 'Friendship']",A story about a boy who unexpectedly becomes roommates with three of his girl classmates as they end up living in a sharehouse. How will their story and relationship unfold? (Source: Xavier Ng at MyDramaList),방과 후 동거,"Banggwa Hu Donggeo , Roommates After School",Not Yet Rated,9,6.2,99999,99
146,2023,Sing My Crush (2023),8,1157,"Aug 2, 2023",Wednesday,25 min.,"['Music', 'Comedy', 'Romance', 'Youth']","['LGBTQ+', 'Band', 'High School To Working Life', 'Nice Male Lead', 'Singing', 'Adapted From A Webtoon', 'Guitarist Male Lead', 'Songwriter Male Lead', 'Musician Male Lead', 'Singer Male Lead']","After a disastrous first encounter between Ba Ram and Han Tae during their school years, the two strike up an unlikely and close friendship in the aftermath. Years later, will Ba Ram be able to keep his crush on Han Tae a secret any longer? (Source: MyDramaList) ~~ Adapted from the webtoon ""Ttarabaram"" (따라바람) by Geom Dung (검둥).",따라바람,"Follow The Wind , Ttalabaram , Ttara Baram , Следуя за ветром , 따라 바람",15+ - Teens 15 or older,10919,7.8,3465,21835
147,2023,Queen of Masks (2023),16,6988,"Apr 24, 2023 - Jun 13, 2023","Monday, Tuesday",1 hr. 20 min.,"['Thriller', 'Mystery', 'Drama', 'Melodrama']","['Emotionally Strong Female Lead', ""Best Friends' Relationship"", 'Female Centered Plot', 'Betrayed By A Friend', 'Drug Addict Female Lead', 'Lawyer Female Lead', 'Evil Female Lead', 'Illegitimate Female Lead', 'Fight For Justice', 'Flashback To Past']","Do Jae Yi is a human rights lawyer who has built up a large following on social media. She has a reputation for defending the vulnerable and victims of sexual crime. Ten years ago, she was the victim of a terrible, haunting crime. Now, she has become a veritable “queen of masks.” To most of the world, she is a paragon of justice. But behind closed doors, she is exploiting a corrupt politician. And she is secretly helping the current mayor to get out of messy situations – as part of her own plan to become the next mayor. Do Jae Yi is friends with two powerful women. The first is Joo Yoo Jung, the director of an influential arts foundation. The second is the hard-working and ambitious Yoon Hae Mi, who worked her way up from the bottom at a prestigious hotel to the position of Vice President. The three women’s former friend, Go Yoo Na feels she was betrayed by the rest of the women. She moved to the USA in a bid to start her life again. But when she returns to South Korea in search of her missing daughter, her path crosses with those of her former friends. Could revenge be in the cards when they reunite? (Source: Viki)",가면의 여왕,"Gamyeonui Yeowang , Queen of the Mask , Rainha Da Máscara , 假面女王",G - All Ages,410,7.2,8996,2104
148,2023,All the Liquors (2023),8,1315,"Mar 2, 2023 - Mar 23, 2023",Thursday,19 min.,"['Food', 'Comedy', 'Romance']","['LGBTQ+', 'Gay Romance', 'Miniseries', 'Chef Male Lead', 'Gay Male Lead', 'Short Length Series', 'Clumsy Male Lead', 'Restaurant Setting', 'Restaurateur Male Lead', 'Foodie Male Lead']","Han Ji Yu, a marketing employee at a liquor company, seeks a collaboration with Park Gi Hun, a talented chef who refuses to sell alcohol at his famous restaurant. Despite his initial rejection, Ji Yu is determined to change Gi Hun’s mind. As they navigate their differences, the two men discover love’s transformative power. (Source: MyDramaList)",주류일절,"Juryuiljeol , Liquor , No Mainstream , Todas as Bebidas , Жодного Алкоголю , Никакого Алкоголя",Not Yet Rated,10638,7.1,10612,19418
149,2023,Mokojji Kitchen 2023,5,99999,"Sep 22, 2023 - Oct 20, 2023",Friday,16 min.,"['Food', 'Romance']","['Restaurant Setting', 'Chef Male Lead', 'Chef Female Lead', 'Short Length Series', 'Miniseries', 'Web Series', 'Time Travel']","Daeryeong Suksu (Eun U), a royal chef in the Joseon Dynasty, finds a strange door one day and enters it out of curiosity... only to wake up in the center of modern Seoul. Remembering nothing, she collapses in front of 'Mokojji Kitchen' after a long time wandering. Daeryeong Suksu (Eun U) captives everyone with his culinary skills and gets hired at Mokojji Kitchen, which becomes a famous restaurant with an overflow of customers. What will happen to Daeryeong Suksu (Eun U)? (Source: mokkojikorea.com)",모꼬지 키친 2023,Mokkoji Kichin 2023,13+ - Teens 13 or older,0,0.0,99999,48
150,2023,DMZ Daeseongdong (2023),4,99999,"Mar 15, 2023 - Apr 5, 2023","Wednesday, Thursday, Saturday, Sunday",,"['Action', 'Comedy', 'Romance', 'Drama']","['Demilitarized Zone (DMZ)', 'Miniseries']",An action-comic human drama about what happens in South Korea when North Korean soldiers who win the first prize lottery of 52 billion won defect from North Korea. (Source: HanCinema),DMZ 대성동,DMZ대성동,Not Yet Rated,0,0.0,99999,180
151,2023,Like Flowers in Sand (2023),12,1206,"Dec 20, 2023 - Jan 31, 2024","Wednesday, Thursday",1 hr. 4 min.,"['Mystery', 'Comedy', 'Romance', 'Life']","['Sports', 'Young Adult Male Lead', 'Wrestling', 'First Love', 'Investigation', 'Rivalry', 'Coming Of Age', 'Competition', 'Drama', 'Friendship']","Kim Baek Du participates in the traditional Korean wrestling sport of ssireum and is a member of the ssireum team for the Geosan County Office. Baek Du was born as the youngest son of a prestigious ssireum family. In the past, he was known as a genius like ssireum wrestler, but not anymore. He is thinking about retiring from the sport altogether. One day, Baek Du meets his childhood friend O Yu Gyeong and has a turning point in his ssireum life. Yu Gyeong and Baek Du grew up together in Geosan County. She begins to work as a leader of the management team for the ssireum team, which is on the verge of disbanding. Meanwhile, they have people around them like Min Hyeon Uk, who suddenly appears in Geosan County and adjusts well to life here, and Ju Mi Ran, who is a mysterious cafe owner. There's also the new coach, Kwak Jin Su, of the ssireum team and Cho Seok Hui, who is Baek Du’s best friend and works as a police constable. (Source: AsianWiki)",모래에도 꽃이 핀다,"Come i fiori sulla sabbia , Como Flores en la Arena , Flores no Deserto , Flowers Even Bloom in the Sand , Květiny v písku , Moraeedo Kkochi Pinda , The Sand Flower , Мов квіти на піску , Цветы расцветают даже на песке , كالزهور في قلب الرمال",15+ - Teens 15 or older,7688,8.1,1862,20939
152,2023,Kitty's Confession (2023),3,99999,"Dec 17, 2023 - Jan 7, 2024",,15 min.,['Romance'],"['Short Length Series', 'Miniseries', 'Web Series']","The reality of a broken up campus couple? How can they both take a gap year and come back at the same time?! School club, campus couple, ex-boyfriend, but why am I fluttering? Because I'm nervous? Because I'm flustered? Atchoo, I think I'm gonna sneeze whenever I see you. I want to run away, but what awaits me at the end of this reunion? (Source: 1over4studio YouTube)",키티양의 고백,"Kitiyangui Gobaek , Miss Kitty's Confession",Not Yet Rated,0,0.0,99999,35
153,2023,The Kidnapping Day (2023),12,1551,"Sep 13, 2023 - Oct 25, 2023","Wednesday, Thursday",59 min.,"['Thriller', 'Mystery', 'Comedy', 'Drama']","['Black Comedy', 'Genius Female Lead', 'Teamwork', 'Kidnapping', 'Nice Male Lead', 'Adapted From A Novel', 'Investigation', 'Suspense', 'Ill Child', 'Investor Supporting Character']","Kim Myung Joon is a kind-hearted man in a tough spot, needing money for his sick daughter's surgery. Desperate, he agrees to kidnap a wealthy child, suggested by his ex-wife. While trying to abduct Choi Ro Hee, he accidentally hits her, and she loses her memory. Pretending to be her father, Kim Myung Joon takes her home, but when he tries to demand ransom, her parents' phone goes unanswered. He visits their house and discovers they've been murdered. Now, Choi Ro Hee realizes he's lying, and things spiral out of control. (Source: MyDramaList) ~~ Adapted from the novel ""Yoogweui Nal"" (유괴의 날) by Jung Hae Yeon (정해연).",유괴의 날,"Day of Kidnapping , O Dia , O Dia do Rapto , The Day , The Day of the Kidnapping , The Kidnapping Day วันลักพาตัว , Yugwaeui Nal , День похищения , يوم الاختطاف",15+ - Teens 15 or older,5686,8.6,402,16688
154,2023,Better Things (2023),3,19114,"Aug 7, 2023 - Aug 11, 2023","Monday, Wednesday, Friday",16 min.,['Sitcom'],"['Short Length Series', 'Miniseries', 'Web Series']","Comprised of 3 episodes, the sitcom follows the story of four girls living together in a share house, where every day is full of fun and laughter. (Source: TheTVDb)",Better Things,"aespa 에스파 'Better Things' Sitcom , Better Things: aespa's House",Not Yet Rated,113,7.9,15723,321
155,2023,The Good Bad Mother (2023),14,150,"Apr 26, 2023 - Jun 8, 2023","Wednesday, Thursday",1 hr. 10 min.,"['Comedy', 'Life', 'Drama', 'Family']","['Mother-Son Relationship', 'Village Setting', 'Death Of A Husband', 'Mean Parent', 'Abusive Parent', 'Age Regression', 'Determined Female Lead', 'Controlling Parent', 'Farmer Female Lead', 'Foreigner Supporting Character']","Young Soon is a single mother and pig farmer who raised her son Kang Ho alone. Despite her love for him, her strict parenting caused Kang Ho to view her as a bad mother. As an adult, Kang Ho became a cold-hearted prosecutor and kept his distance from his mother. However, an unexpected accident caused him to return to his hometown and start over with Young Soon. Kang Ho's childhood friend Mi Joo, known for her warm heart and strong sense of justice, also reconnected with him after his accident, leading to a transformative experience for her. (Source: CK Warrior at MyDramaList)",나쁜엄마,"Bad Mom , Bad Mother , Dobrá špatná matka , Nappeun Eomma , Una pessima madre ideale , Плохая мать , أم صالحة وقاسية , แม่ดี แม่ร้าย",15+ - Teens 15 or older,48620,8.9,109,90431
156,2023,Vigilante (2023),8,285,"Nov 8, 2023 - Nov 29, 2023",Wednesday,44 min.,"['Action', 'Thriller', 'Psychological', 'Crime']","['Investigation', 'Dark Fiction', 'Vigilante Male Lead', 'Police Officer Male Lead', 'Morally Ambiguous Male Lead', 'Reporter Female Lead', 'Death', 'Murder', 'Double Identity', 'Police Academy']","Kim Ji Yong, whose mother was murdered by a man who received only three and a half years in prison, takes justice into his own hands. Now an adult, he punishes criminals with lenient sentences while maintaining a facade as a model student at the police university. Known as Vigilante, he gets help from Cho Gang Ok while Detective Cho Heon relentlessly pursues him. (Source: MyDramaList) ~~ Adapted from a webtoon ""Vigilante"" ( 비질란테) written by CRG and illustrated by Kim Gyu Sam (김규삼) ~~ Release dates: October 5, 2023 (Festival) || November 8, 2023 (Online)",비질란테,"Bijillante , Вартівник , Линчеватель",18+ Restricted (violence & profanity),27804,8.5,487,60521
157,2023,Gyeongseong Creature (2023),10,223,"Dec 22, 2023 - Jan 5, 2024",Friday,1 hr. 10 min.,"['Action', 'Thriller', 'Historical', 'Sci-Fi']","['1940s', 'Slight Romance', 'Monster', 'Human Experimentation', 'Japanese Colonial Rule', 'Mystery', 'Suspense', 'Hospital Setting', 'Brave Male Lead', 'Fierce Female Lead']","Jang Tae Sang, a charming and resourceful man in Bukchon, Gyeongseong, enjoys his comfortable life until he crosses paths with Yoon Chae Ok, a skilled todugun known for finding missing people. Chae Ok, hardened by a tough childhood traveling through Manchuria and Shanghai, arrives in Gyeongseong searching for her mother, who disappeared a decade ago. Together, they tackle puzzling missing person cases that reveal a chilling truth, pushing Tae Sang to question his values and Chae Ok to confront her past. (Source: MyDramaList)",경성크리처,"Gyeongseong Creature Part 1 , Gyeongseong Keuricheo , Hard Creature , K Peurojekteu , K Project , Kyungsung Creature , K프로젝트",15+ - Teens 15 or older,30511,8.4,792,69183
158,2023,Dr. Romantic Season 3 (2023),16,395,"Apr 28, 2023 - Jun 17, 2023","Friday, Saturday",1 hr. 10 min.,"['Romance', 'Drama', 'Medical']","['Hospital Setting', 'Teamwork', 'Genius Male Lead', 'Surgeon Male Lead', 'Neurosurgeon Male Lead', 'Hospital Director Male Lead', 'Doctor Female Lead', 'Doctor Male Lead', 'Hardworking Male Lead', 'Hardworking Female Lead']","At Doldam Hospital, Dr. Kim Sa Bu and his team are committed to saving lives. After three years, a state-of-the-art trauma centre is set to open, equipped with the latest in medical technology. Prior to the centre's official opening, however, a crisis unfolds on a North Korean ship that's drifted into South Korean waters. Doctors from Doldam Hospital fly out to help the critically injured aboard the ship. However, the patients need to be transported to the hospital. To complicate matters, the South Korean government wants the North Korean patients returned to their country as part of diplomatic efforts with their neighbouring country. Amidst the chaos, Cha Jin Man—the father of Cha Eun Jae and a former rival of Dr. Kim Sa Bu—is brought on board to run the new trauma centre. (Source: AsianWiki; edited by MyDramaList)",낭만닥터 김사부 시즌3,"Doctor Romantic 3 , Dr. Romantic 3 , Nangmandakteo Kimsaboo 3 , Romantic Doctor Kim 3 , Romantic Doctor, Teacher Kim 3 , 낭만닥터 김사부3",15+ - Teens 15 or older,21510,8.9,117,49125
159,2023,A Shoulder to Cry On (2023),7,431,"Mar 15, 2023 - Mar 29, 2023","Tuesday, Wednesday",30 min.,"['Psychological', 'Romance', 'Youth', 'Drama']","['LGBTQ+', 'Love/Hate Relationship', 'Gay Romance', 'Age Gap [Real Life]', 'Teenager Male Lead', 'Archery', 'Miniseries', 'Student Male Lead', 'School Setting', 'High School']","Lee Da Yeol, an outsider at school, finds solace in the archery club, where his skills have earned him a scholarship. His quiet life is disrupted when a misunderstanding with popular student Cho Tae Hyeon puts his scholarship at risk. Tae Hyeon falsely claims Da Yeol tried to make out with him, and despite Da Yeol’s efforts to clear his name, the rumors persist. Tae Hyeon enjoys tormenting Da Yeol, following him everywhere, and though Da Yeol despises him, he starts to question his growing feelings for the boy, wondering where hate ends and love begins. (Source: MyDramaList) ~~ Adapted from the manhwa ""A Shoulder to Cry On"" (소년을 위로해줘) by Dong Mul (동물).",소년을 위로해줘,"A Shoulder to Cry On ไหล่นาย = ที่พักใจของฉัน , Comfort the Boy , Sonyeoneul Wilohaejwo , Sonyeoneulwilohaejwo , Um Ombro Onde Chorar , Плечо, чтобы поплакаться , 소년을위로해줘",15+ - Teens 15 or older,26495,7.6,5522,46892
160,2023,"Even If It's Money Money, Park U Ju (2023)",12,99999,"Apr 7, 2023 - Jan 5, 2024",,3 min.,"['Business', 'Comedy']","['Short Length Series', 'Web Series']",,머니머니해도 박우주,"Even If It's Money Money, Park Woo Joo , Meoni Meoni Haedo Park U Ju",Not Yet Rated,0,0.0,99999,9
161,2023,The Uncanny Counter Season 2: Counter Punch (2023),12,269,"Jul 29, 2023 - Sep 3, 2023","Saturday, Sunday",1 hr. 10 min.,"['Action', 'Mystery', 'Comedy', 'Supernatural']","['Dark Fantasy', 'Fantasy', 'Evil Spirit', 'Drama', 'Friendship', 'Slasher Film', 'Noir', 'Adapted From A Webtoon', 'Thriller', 'Suspense']",Evil spirits from the afterlife arrive on Earth in search of an immortal existence. The story follows a group of counters who are tasked with catching these malevolent entities. (Source: whats-on-netflix.com),경이로운 소문 시즌2: 카운터 펀치,"Kyeongirowoon Somoon 2 Kaunteo Peonchi , The Uncanny Counter 2 , The Uncanny Counter 2: Counter Punch , 경이로운 소문2: 카운터 펀치",15+ - Teens 15 or older,30027,8.4,775,62333
162,2023,A Good Day to Be a Dog (2023),14,256,"Oct 11, 2023 - Jan 10, 2024",Wednesday,60 min.,"['Comedy', 'Romance', 'Fantasy', 'Supernatural']","['Dog', 'Curse', 'Workplace Setting', 'Animal Transformation', 'Accidental Kiss', 'Female Chases Male First', 'Cynophobia', 'Adapted From A Webtoon', 'Nice Male Lead', 'Teacher Female Lead']","Han Hae Na, a single high school teacher, is cursed due to a family secret. Anyone in her family who kisses someone transforms into a dog at midnight for six hours, repeating until they kiss the same person again. To avoid this, she warns men not to kiss her, leading them to leave. One night, drunk, she accidentally kisses Jin Seo Won, a colleague, and soon panics, trying to get him to kiss her again. However, Seo Won has a fear of dogs. (Source: MyDramaList) ~~ Adapted from the webtoon ""A Good Day to Be a Dog"" (오늘도 사랑스럽개) by Lee Hey (이혜).",오늘도 사랑스럽개,"Een goede dag om een hond te zijn , Lovely Again Today , Oneuldo Sarangseureobgae , Um Bom Dia Para Ser um Cachorro , Отличный день, чтобы стать собакой , Хороший день, щоб бути собакою , يوم جيد لتكون كلبا",15+ - Teens 15 or older,26659,7.7,4611,64066
163,2023,New Recruit Season 2 (2023),6,20921,"Aug 28, 2023 - Sep 12, 2023","Monday, Tuesday",,"['Military', 'Comedy', 'Drama']","['Soldier Male Lead', 'Miniseries']","Park Min Seok is now promoted to private first class at Myth Unit. He believes his military life will become easier because of the promotion, but Oh Seung Yoon gets assigned to Myth Unit as Park Min Seok’s new company commander. Oh Seung Yoon is the FM company commander and he decides to change Myth Unit completely. (Source: AsianWiki) ~~ Adapted from the web animation ""New Recruit"" (신병) by Jang Bbi Jju (장삐쭈).",신병 시즌2,"New Recruit 2 , Sinbyeong 2 , Sinbyeong Sijeun 2 , 신병2",Not Yet Rated,6,6.2,38949,265
164,2023,Duty after School: Part 1 (2023),6,344,"Mar 31, 2023",Friday,1 hr. 14 min.,"['Action', 'Thriller', 'Drama', 'Sci-Fi']","['Military', 'High School', 'Survival', 'Supernatural Phenomena', 'Apocalypse', 'Leadership', 'Monster', 'War', 'Bully Male Lead', 'Student Female Lead']","Sungjin High School is thrust into chaos as an alien invasion begins, unleashing violent insect-like creatures worldwide. With the South Korean military overwhelmed, mandatory conscription is imposed on all third-year high schoolers, forcing them to undergo military training while facing impending university exams. Platoon leader Lee Chun Ho guides them through rifle shooting, combat, and obstacle courses, all in their school uniforms. Class teacher Park Eun Young strives to protect her students. Can these high schoolers become saviors in the face of global doom? (Source: MyDramaList) ~~ Adapted from the webtoon ""Duty After School"" (방과 후 전쟁활동) by Ha Il Kwon (하일권).",방과 후 전쟁활동 파트1,"Afterschool Military Activity 1 , Afterschool War Activities 1 , Banggwa Hu Jeonjaenghwaldong 1 , Banggwa Hu Jeonjaenghwaldong Pateu 1 , Banggwa Hu Jeonjaenghwaldong Sijeun 1 , Duty After School 1 , Duty After School Season 1 , 방과 후 전쟁활동 시즌1 , 방과 후 전쟁활동1",18+ Restricted (violence & profanity),29684,8.6,361,54589
165,2023,Perfect Marriage Revenge (2023),12,187,"Oct 28, 2023 - Dec 3, 2023","Saturday, Sunday",1 hr. 4 min.,"['Business', 'Romance', 'Drama', 'Fantasy']","['Revenge', 'Time Travel', 'Male Chases Female First', 'Contract Relationship', 'Second Chance', 'Fake To Real Lovers', 'Supportive Male Lead', 'Family Relationship', 'Adopted Female Lead', 'Rich Male Lead']","Han I Ju, a painter adopted by Han Jin Ung and Lee Jeong Hye, has always been neglected by her family, including her younger sister, Han Yu Ra. Married to Yoo Se Hyeok, I Ju discovers he loves her sister instead. After a car accident, she wakes up in the past, before her engagement to Yoo Se Hyeok. Determined to change her fate, she breaks off the engagement and proposes a contract marriage to Seo Do Guk, the handsome grandson of the Taeja Group’s founder. He agrees, but hopes for it to become a real marriage. (Source: MyDramaList) ~~ Adapted from the web novel ""Perfect Marriage Revenge"" (완벽한 결혼의 정석) written by Lee Beom Bae (이범배) and illustrated by Maximum (맥시멈).",완벽한 결혼의 정석,"A Vingança do Casamento Perfeito , The Essence of a Perfect Marriage , The Perfect Standard of Marriage , The Standard of a Perfect Marriage , Wanbyeoghan Gyeolhonui Jeongseok , Стандартная процедура идеального брака",15+ - Teens 15 or older,44579,8.5,610,78608
166,2023,"Kimchi, Kimchi (2023)",8,99999,"Dec 8, 2023 - Jan 26, 2024",,13 min.,"['Food', 'Drama']","['Short Length Series', 'Multiple Mains', 'Miniseries', 'Web Series']","‘Kimchi, Kimchi’ is the story of Geochang Kimchi, made with the first dew cabbage under the sky, spreading overseas. It begins when the male protagonist, Ho Tae, a Seoul National University graduate, quits his job in Seoul and returns to his hometown, Gabuk-myeon, Geochang. The play progresses as he meets female juniors of his age who run a kimchi factory in his hometown and naturally becomes interested in exporting kimchi, the origin of K-food. (Source: Korean = Blackswan Official YouTube || Translation = MyDramaList)","김치, Kimchi",,Not Yet Rated,0,0.0,99999,33
167,2023,Three of Us (2023),4,13262,"Jun 18, 2023 - Jul 9, 2023",,11 min.,"['Romance', 'Drama']","['Polyamory', 'LGBTQ+', 'Lesbian Female Lead', 'Short Length Series', 'Lesbian Romance', 'Bisexual Female Lead', 'Miniseries', 'Web Series']","Yeon, a student in the film department, meets Ji Hee, a smart designer, and Min Jun, a developer with an attractive appearance. The three fall in love with each other and start a polyamorous love affair.",셋,"Ses , Set",15+ - Teens 15 or older,131,7.4,21335,661
168,2023,One Day Off (2023),8,2962,"May 24, 2023 - May 31, 2023",Wednesday,25 min.,"['Food', 'Life', 'Drama']","['Teacher Female Lead', 'Independent Female Lead', 'Traveling', 'Life Lesson', 'Friendship', 'Smart Female Lead', 'Healing', 'Miniseries', 'Web Series']","Park Ha Gyeong teaches Korean literature at a high school. To escape her ordinary days, Park Ha Gyeong decides to take one-day trips on Saturdays. During her one-day trip, she walks around, eats different foods, and meets various people. She realizes she receives comfort and empathy through her travels. (Source: AsianWiki)",박하경 여행기,"Bakhakyeong Yeohaenggi , Park Ha Kyung Travel Diary , Park Ha Kyung's Journey , Park Ha Kyung's Travel Journal , Um Dia de Folga , Un Día de Descanso , Один выходной день , Щоденник Мандрів Пак Ха Ґьон",G - All Ages,1701,8.3,1207,7567
169,2023,All That We Loved (2023),8,2119,"May 5, 2023 - May 26, 2023",Friday,35 min.,"['Romance', 'Youth']","['Student Female Lead', 'Student Male Lead', 'School Setting', 'Teenager Female Lead', 'Teenager Male Lead', 'Miniseries', 'High School', 'Web Series', 'First Love', 'Love Triangle']","Depicts the solid friendship and sincere love story of 18-year-old youths who cannot give up love or friendship. The drama deals with the unique subject of cellular memory, which hypothesizes that memory is transferred to organ transplant recipients. Go Yoo is an 18-year-old student in his second year of Hara High School. Go Yoo grows taller everyday, and he is often praised as a genius at basketball, which he originally started in order to grow taller. He’s also a charming student who manages to at least do averagely in school despite not studying. Go Yoo is too busy to date, and he’s preoccupied with protecting Joon Hee, but after he donates his kidney to Joon Hee, he becomes rivals in love with Joon Hee for the school’s No. 1 student and his first love So Yeon due to cellular memory syndrome. (Source: Naver; Soompi)",우리가 사랑했던 모든 것,"Everything That We Loved , Love, Do It , Love, Hara High School , Love, High School , Sarang, Harago , Tout ce que nous avons aimé , Tudo Que Amamos , Uriga Saranghaessdeon Modeun Geos , 사랑, 하라고",15+ - Teens 15 or older,3355,7.6,5237,11435
170,2023,Night Has Come (2023),12,322,"Dec 4, 2023 - Dec 21, 2023","Monday, Tuesday, Wednesday, Thursday",35 min.,"['Mystery', 'Horror', 'Youth', 'Supernatural']","['Death Game', 'High School', 'Survival', 'Death', 'Mild Gore', 'Smart Male Lead', 'Investigation', 'Suspense', 'Bully Supporting Character', 'Student Female Lead']","A class of second-year high school students at Yooil High School is forced to play a deadly mafia game during a field trip. As psychological warfare intensifies, Lee Yoon Seo, with her sharp reasoning skills, tries to escape, while class president Kim Jun Hee fights for survival with his sense of justice. Oh Jung Won, the top student but an outcast, must team up with others to survive. (Source: MyDramaList)",밤이 되었습니다,"A Noite Chegou , Bami Doeeossseumnida , It's Night , Night Has Fallen , S-a Lasat Noaptea , Настала ніч , Наступила ночь , لقد حل الليل",18+ Restricted (violence & profanity),29892,8.3,1324,56258
171,2023,Romance by Romance (2023),10,6954,"Jun 7, 2023 - Jun 28, 2023",Wednesday,15 min.,['Romance'],"[""Bickering Mains' Relationship"", 'Long Time Friends', 'Contract Relationship', 'Love Triangle', ""Best Friends' Relationship"", 'Writer Female Lead', 'Producer Male Lead', ""Neighbors' Relationship"", 'Musician Male Lead', 'Workplace Romance']","Ha Yoon, having never been in a long-term relationship, hoped her current boyfriend, Nam Tae Ryun, would be the one to change that. But when he announces he wants to break up before their 100th day, Ha Yoon fights to keep the relationship alive. She proposes a month-long ""break-up grace period,"" allowing them time apart without ending things. Tae Ryun agrees, and they draw up a contract. Meanwhile, Ha Yoon signs another contract with her best friend, Kang Jin. As Tae Ryun grows jealous of their time together, he begins to question whether he's ready to let her go. (Source: MyDramaList)",로맨스 바이 로맨스,"Romaenseu Bai Romaenseu , Romance Por Romance",15+ - Teens 15 or older,850,7.3,8622,2122
172,2023,Bon Appetit (2023),8,1656,"Sep 27, 2023",Wednesday,30 min.,"['Food', 'Romance']","['Advertising Designer Male Lead', 'Office Worker Male Lead', ""Neighbors' Relationship"", 'Chef Male Lead', 'Gay Male Lead', 'Gay Supporting Character', 'Gay Romance', 'Meet Again', 'LGBTQ+', 'Office Worker Supporting Character']","Do Hoon is a lonely office worker, stuck in a monotonous routine. His life changes when his neighbor, Yoon Soo, a former college junior who dropped out, unexpectedly visits with a bowl of sweet rice soup as a housewarming gift. Yoon Soo confesses that he once lacked the courage to express his feelings for Do Hoon but has moved on. Gradually, Do Hoon begins to care for Yoon Soo, and their shared meals after work become cherished moments. As they grow closer, Do Hoon realizes his feelings for Yoon Soo are deepening. (Source: MyDramaList)",본아페티,"Смачного , 본아 페띠 , 본아페띠",Not Yet Rated,7354,7.4,7276,15480
173,2023,Sunglass Man (2023),8,99999,"Aug 23, 2023 - Aug 31, 2023","Wednesday, Thursday",40 min.,['Drama'],['Miniseries'],"Na Hyo Mi runs a popular personal channel called ""Hyo Mi and Million Army"". But when unsuccessful YouTuber Yeong Soo discovers that all the guests on her channel suffer from memory loss, he threatens Hyo Mi with a demand of 50 million won. The plot revolves around the social revenge that follows. (Source: HanCinema)",썬글맨: 소녀복수극,"Sseongeulmaen: Sonyeoboksugeuk , Sunglass Man: Girl's Revenge",Not Yet Rated,0,0.0,99999,110
174,2023,Oh! Youngsim (2023),10,3104,"May 15, 2023 - Jun 13, 2023","Monday, Tuesday",50 min.,"['Comedy', 'Romance']","['Producer Female Lead', 'Entertainment Industry', 'First Love Returns', 'Producer Supporting Character', 'Childhood Crush', 'Miniseries', 'Adapted From An Aeni', ""Bickering Mains' Relationship"", 'Startup', 'Comic Artist Supporting Character']","O Yeong Sim, a 30-something TV variety show PD, has struggled with low ratings and cancelled shows. In a career crisis, she gets a chance to produce a love entertainment pilot, casting famous start-up founder Mark Wang. To her surprise, he is Wang Gyeong Tae, a childhood acquaintance who once had a crush on her. Though she didn’t feel the same, they lost contact after he moved to the U.S. Now, 20 years later, Wang Kyung Tae returns as CEO Mark Wang. PD Lee Chae Dong, her supportive colleague, and her friend Koo Wol Suk, who runs a popular YouTube channel, are also part of her life. (Source: MyDramaList) ~~ Adapted from the aeni ""Yeongsimi"" (영심이), which in turn is adapted from the comic series ""14-year-old Yeongsimi"" (열네 살 영심이) by Bae Geum Teak (배금택).",오! 영심이,"Oh! Yeongsimi , Oh! Young Shim , Oh! Youngsimi , О! Йон Шім",Not Yet Rated,2051,6.9,11681,7181
175,2023,Pale Moon (2023),10,6397,"Apr 10, 2023 - May 9, 2023","Monday, Tuesday",1 hr. 5 min.,"['Thriller', 'Mystery', 'Romance', 'Drama']","['White-Collar Crime', 'Student Male Lead', ""Childhood Friends' Relationship"", 'Bank Setting', 'Bank Teller Supporting Character', 'Bank Teller Female Lead', 'Married Female Lead', 'Age Gap [Drama Life]', 'Age Gap [Real Life]', 'Doctor Supporting Character']","Yoo Yi Hwa lives with her husband, who is indifferent to her. Yoo Yi Hwa's life as a housewife is comfortable but boring. She begins to work at a bank as a contract worker. While working at the bank, she regains her confidence. But, Yoo Yi Hwa begins to steal money from her clients. (Source: AsianWiki) ~~ Adapted from the novel ""Kami no Tsuki""(紙の月) by Mitsuyo Kakuta (角田光代).",종이달,"Jongidal , Paper Moon , Паперовий Місяць",18+ Restricted (violence & profanity),413,7.5,6326,2443
176,2023,Individual Circumstances (2023),8,1350,"Jan 19, 2023 - Feb 9, 2023",Thursday,17 min.,"['Romance', 'Drama']","['Gay Romance', 'Writer Male Lead', 'Meet Again', 'First Love Returns', 'Flashback To Past', 'Ghosting', 'Gay Male Lead', 'Cold Male Lead', 'LGBTQ+', 'Director Male Lead']","Ha Yeon U, once a rising star in Seoul's Chungmuro film scene, is now struggling after his early success. Doubting his abilities, he meets Sung U Jae, a famed writer haunted by a past heartbreak. Their reunion sparks a passionate romance that could help heal Sung U Jae's wounds and lift Ha Yeon U from his slump. (Source: MyDramaList)",각자의사정,"Circunstâncias individuais , Each other's Circumstances , Gakjaui Sajeong",Not Yet Rated,8760,7.0,11004,19028
177,2023,Miraculous Brothers (2023),16,1825,"Jun 28, 2023 - Aug 17, 2023","Wednesday, Thursday",1 hr. 10 min.,"['Mystery', 'Drama', 'Fantasy', 'Supernatural']","['Supernatural Power', 'Psychic Male Lead', 'Time Travel', 'Investigation', 'Psychometry', 'Writer Male Lead', 'Bromance', 'Unusual Friendship', 'Fate', 'Cult']","A mystery drama about warm friendship and humanity unfolds when Dong Joo, a passionate young man who only has debts, meets Kang San. Yook Dong Ju is an aspiring writer with an ambitious dream of becoming a best-selling author someday. A disharmonious brotherhood begins when a mysterious, unidentified boy, Kang San, falls into his life. Kang San has amnesia and can't even remember his own name, but he has the special ability to hear other people's hearts. (Source: MyDramaList)",기적의 형제,"Gijeogui Hyeongje , The Miracle Brothers",Not Yet Rated,4460,8.2,1745,13761
178,2023,Persona: Sulli (2023),2,7853,"Nov 13, 2023",Monday,1 hr. 5 min.,"['Drama', 'Documentary']",['Miniseries'],"""Persona: Sulli"" is split into two parts: A short film titled ""4: Clean Island"", and a feature-length documentary film ""Dear Jinri"" (Sulli's real name), which includes the star's final interview. ""4: Clean Island"" is a short film about a main character named Nezzi (Sulli) who dreams of immigrating to the cleanest place in the world, 'Clean Island'. In order to pass through an immigration checkpoint to the island, Nezzi needs to confess a sin. Her sin involves a story about a special pig. This narrative presents a remarkable canvas for the viewers to appreciate Sulli's profound and emotive performance. ""Dear Jinri"" is a documentary which features the diverse concerns and thoughts of 25-year-old Choi Jinri (Sulli) in the form of interviews. The documentary conveys Sulli’s wish for the public to see her and like her for just the way she is. (Source: Korea herald, Soompi, Laika Cinema, BIFF website, NME, Naver, Allkpop, Kbizoom)",페르소나: 설리,"4: Clean Island , 4: 클린 아일랜드 , Dear Jinri , Pereusona 2 , Persona 2 , Persona Season 2 , 진리에게 , 페르소나 2",13+ - Teens 13 or older,583,8.0,2379,1738
179,2023,Queenmaker (2023),11,2320,"Apr 14, 2023",Friday,1 hr. 7 min.,"['Business', 'Drama', 'Political']","['Female Centered Plot', 'Fight For Justice', 'Conglomerate', 'Power Struggle', 'Emotionally Strong Female Lead', 'Businesswoman Female Lead', 'Influencer Female Lead', 'Politician Female Lead', 'Foundation Director Female Lead', 'Lawyer Female Lead']","After a tragic accident, a skilled fixer, Hwang Do Hee, uses her expertise to turn civil rights lawyer Oh Kyung Sook into the next mayor of Seoul and take down her former employer. Hwang is a top consultant at Eunsung Group, using her knowledge of the owner’s family to manage risks, while Oh is a determined labor rights lawyer and popular YouTuber. Despite their different backgrounds, the two women join forces to create a just and truthful world. (Source: MyDramaList)",퀸 메이커,"Kwin Meikeo , Queen Maker , W: A Cidade Das Mulheres Que Nunca Morrem , W: Jukji Anhneun Yeojadeuleui Dosi , W: The City of Women Who Never Die , W: 죽지 않는 여자들의 도시 , Квінмейкер , Создательница королевы , صانعة الملكات , 퀸메이커",15+ - Teens 15 or older,4535,8.2,1578,10288
180,2023,Arthdal Chronicles: The Sword of Aramun (2023),12,1511,"Sep 9, 2023 - Oct 22, 2023","Saturday, Sunday",1 hr. 10 min.,"['Action', 'Historical', 'Romance', 'Fantasy']","['Time Skip', 'War', 'Physically Strong Male Lead', 'Emotionally Strong Female Lead', 'Cruel Female Lead', 'Class Conflict', 'Commander Supporting Character', 'Identical Twin Male Lead', 'Priest Supporting Character', 'Priest Female Lead']","It depicts the story of what happens in Arth approximately a decade later. Over the course of more than eight years, Arthdal succeeded in suppressing the massive rebellion of the tribes slaughtered by Ta Gon in Season 1, and the Agos finally achieved the reunification of 30 clans after 200 years under the leadership of Eun Seom. In Season 2, Ta Gon’s Kingdom of Arthdal and Eun Seom’s Ago Union are set to face an inevitable great war. Eun Seom is the ruler of the East now. Tan Ya is the successor to the Wahan clan. The story set eight years after Ta Gon has become king. (Source: Soompi)",아라문의 검,"Aramuneui Geom: Aseudal Yeondaegi , Aramun’s Sword: Arthdal Chronicles , Arthdal Chronicles 2 , Arthdal Chronicles : Season 2 , Arthdal Chronicles Season 2 , Arthdal Chronicles: Season 2 , Arthdal Chronicles: The Sword of Aramoon , Aseudal Yeondaegi 2 , Aseudal Yeondaegi Sijeun 2 , Crônicas de Arthdal 2 , The Chronicles of Arthdal , The Chronicles of Aseudal , 아라문의 검 : 아스달 연대기 , 아스달 연대기 시즌2 , 아스달 연대기2",15+ - Teens 15 or older,4228,8.3,1334,17091
181,2023,A Bloody Lucky Day (2023),10,2664,"Nov 20, 2023 - Dec 8, 2023","Monday, Tuesday",52 min.,"['Thriller', 'Mystery', 'Psychological', 'Drama']","['Graphic Violence', 'Death Of A Son', 'Serial Killer Male Lead', 'Taxi Driver Male Lead', 'Middle-Aged Male Lead', 'Detective Supporting Character', 'Criminal Male Lead', 'Psychopath Male Lead', 'Desperate Female Lead', 'Slight Horror']","O Taek works as a taxi driver. One day, he had a dream where a lot of pigs appeared. This type of dream is thought to bring about good luck. On that same day, he earns his usual amount of money. When he thinks about calling it a day, a man named Geum Hyeok Su asks O Taek to drive him to the port city of Mokpo. He offers a million won (~$1,000) to drive him. O Taek accepts the drive, but O Taek is not aware that Hyeok Su murdered a man, and he is planning to stow away on a boat. Meanwhile, Hwang Sun Gyu is the mother of the man who was murdered by Hyeok Su. She chases after her son's killer. (Source: AsianWiki) ~~ Adapted from the webtoon ""Unsuojinnal"" (운수 오진 날) by Aporia (아포리아). ~~ Release dates: Oct 5, 2023 (Festival) || Nov 17-19, 2023 (CGV Special Screening) || Nov 20 - Dec 19 (tvN) || Part 1: Nov 24, Part 2: Dec 8, 2023 (TVING)",운수 오진 날,"A Very Lucky Day , Unlucky Day , Unsuojinnal , 운수오진날",18+ Restricted (violence & profanity),2078,8.3,1318,8704
182,2023,The Hairy Era (2023),8,99999,"Dec 2, 2023 - May 19, 2024",,6 min.,"['Comedy', 'Romance', 'Drama']","['Short Length Series', 'Miniseries', 'Web Series']",,털보시대,Teolbosidae,Not Yet Rated,0,0.0,99999,15
183,2023,Girl in the Mirror (2023),5,14840,"Aug 27, 2023 - Sep 24, 2023",Sunday,9 min.,"['Youth', 'Drama']","['Fatphobia', 'Islamophobia', 'Student Supporting Character', 'Student Female Lead', 'School Setting', 'Short Length Series', 'Islam', 'School Violence', 'Overweight', 'Miniseries']","Hye Joo, the fattest girl in her school, is living an actual hell. What she goes through on an everyday basis is real and painful. She is relentlessly bullied for her weight issues. Her friend, Sabrina, a Muslim, is bullied for wearing a hijab and is forced to watch helplessly as Hye Joo is mocked and attacked by their fellow classmates. (Source: Casually YouTube; MyDramaList)",거울 속 소녀,Geoul Sok Sonyeo,Not Yet Rated,115,6.9,30588,534
184,2023,Island Part 2 (2023),6,851,"Feb 24, 2023 - Mar 10, 2023",Friday,45 min.,"['Action', 'Thriller', 'Horror', 'Fantasy']","['Reincarnation', 'Demon/Monster Hunting', 'Immortal', 'Supernatural', 'Exorcism', 'Violence Against Children', 'Violent Sibling', 'Catholicism', 'Island Setting', 'Exorcist Male Lead']","Won Mi Ho, the spoiled only child of a powerful businessman, is sent to Jeju Island as punishment after causing trouble. There, she becomes a high school ethics teacher. She soon becomes entangled in a supernatural case involving vengeful ghosts who threaten the human world. A mysterious ghost hunter appears to protect her. (Source: MyDramaList) ~~ Adapted from the webtoon ""Island"" (아일랜드) written by Yoon In Wan (윤인완) and illustrated by Yang Kyung Il (양경일).",아일랜드 파트2,"A Ilha 2 , Aillaendeu 2 , Ilha 2 , Ireland: Season 2 , Isla Temporada 2 , Island Season 2 , Island เกาะปีศาจ Part 2 , Island: Season 2 , 아일랜드2",15+ - Teens 15 or older,13573,8.0,2380,27925
185,2023,CEO-dol Mart (2023),10,3239,"Sep 15, 2023 - Oct 13, 2023",Friday,54 min.,"['Business', 'Comedy', 'Drama']","['Former Celebrity Male Lead', 'Supermarket Setting', 'Workplace Setting', 'Multiple Mains', 'Debt', 'Retail Industry', 'Business Industry', 'Emotionally Strong Male Lead', 'Neighborhood Setting', 'Responsible Female Lead']","The Thunder Boys, a popular K-pop group, are thrust into a new challenge when their financially struggling agency assigns them to run a failing supermarket. With no experience in retail, the boys must learn everything from stocking shelves to chopping meat, all while trying to save the supermarket and revitalize their music careers. (Source: MyDramaList)",사장돌 마트,"Boss-dol Mart , President Idol Mart , Sajangdol Mart , Sajangdol Mateu",15+ - Teens 15 or older,1983,7.5,6811,6778
186,2023,The Killing Vote (2023),12,715,"Aug 10, 2023 - Nov 16, 2023",Thursday,1 hr. 12 min.,"['Thriller', 'Mystery', 'Horror']","['Investigation', 'Criminal Justice System', 'Fight For Justice', 'Violence', 'Murder', 'Noir', 'Crime', 'Skilled Fighter', 'Adapted From A Webtoon', 'Cybercrime']","When heinous criminals evade justice, citizens over 18 receive a text polling them on whether the criminal should be sentenced to death. If over 50% vote in favor, the person is killed by ""Dog Mask,"" an anonymous figure operating in the virtual world. The police pursue ""Dog Mask,"" and three individuals become embroiled in the case: Kim Mu Chan, leader of the First Investigation Team at the Southern Police Agency; Kwon Seok Ju, a former legal scholar who killed the rapist of his daughter; and Ju Hyeon, a police officer at the Cyber Safety Bureau of the Seoul Metropolitan Police Agency. (Source: MyDramaList) ~~ Adapted from the webtoon ""Gukminsahyeongtupyo"" (국민사형투표) written by Um Se Yoon (엄세윤) and illustrated by Jung Yi Pum (정이품).",국민사형투표,"El Voto de la Muerte , Gukminsahyeongtupyo , Il voto della morte , National Death Penalty Vote , O Voto de Morte , Вбивчий Голос , Национальное голосование за смертную казнь , التصويت الوطني لعقوبة الإعدام , โหวตโทษประหาร",15+ - Teens 15 or older,10751,8.0,2328,32318
187,2023,Snap and Spark (2023),8,3867,"Dec 15, 2023 - Jan 10, 2024","Wednesday, Friday",24 min.,"['Music', 'Romance', 'Youth']","['Evil Friend', 'Jealous Friend', 'Student Female Lead', 'Student Male Lead', 'School Setting', 'Class Conflict', ""Childhood Friends' Relationship"", ""Classmates' Relationship"", 'Composer Male Lead', 'Dancer Female Lead']","In a world where popularity turns into social class, and not receiving hearts makes you a loser, a high-teen drama depicts the anxious concerns of students at the Han Arts High School. Centered around the students, the drama unfolds a bold and diverse story about their social status, desires and growth in a society where they yearn for love. (Source: Korean = Naver || Translation = NAY at MyDramaList)",손가락만 까딱하면,"If You Just Snap Your Fingers , Songarangman Kkattakamyeon , With Just a Snap , Якщо ти просто клацнеш пальцями",Not Yet Rated,1524,7.0,11073,5247
188,2023,Big Bet Season 2 (2023),8,6249,"Feb 15, 2023 - Mar 22, 2023",Wednesday,60 min.,"['Action', 'Crime', 'Drama']","['Co-produced', 'Filmed Abroad', 'Gambling', 'Miniseries', 'Web Series']","Cha Moo Sik is the primary suspect in a ten-billion-dollar heist and two killings, hence getting imprisoned and deported to his home country, South Korea. He returns to the Philippines a year later in an attempt to seek vengeance on those who wrongfully accused him. In answer to his enquiries concerning the deaths of Philip and So Jung, as well as Chairman Min's death, he places one last bet on his life. (Source: Maeil Business Newspaper, edited by Krystale Mitaesa) ~~ Co-production with the U.S.A.",카지노 시즌2,"A Próxima Aposta 2 , Big Bet 2 , Casino 2 , Kajino 2 , Kajino Sijeun 2 , King of Savvy 2",18+ Restricted (violence & profanity),862,7.6,5103,2545
189,2023,Nineteen (2023),8,21592,"Nov 14, 2023",,4 min.,"['Romance', 'Youth']","['Student Female Lead', 'School Setting', 'Lesbian Female Lead', 'Short Length Series', 'Lesbian Romance', 'Filmed Vertically', 'Secondary Couple', 'LGBTQ+', 'Miniseries', 'Web Series']",,소녀19,"Green of Summer , Sonyeo 19",Not Yet Rated,34,6.6,33942,249
190,2023,Crash Course in Romance (2023),16,167,"Jan 14, 2023 - Mar 5, 2023","Saturday, Sunday",1 hr. 15 min.,"['Thriller', 'Mystery', 'Comedy', 'Romance']","['Older Woman/Younger Man', 'Teacher Male Lead', 'Cram School', 'Smart Male Lead', 'Workaholic Male Lead', 'High School', 'Asperger’s Syndrome', 'Hardworking Male Lead', 'Mental Illness', 'Age Gap [Real Life]']","After retiring from her career as a national athlete, Nam Haeng Sun now owns a humble side dish store. Her cheerful personality and boundless energy catch the attention of Choi Chi Yeol, a popular and hardworking private instructor known as the ""Trillion Won Man"". Despite his reputation, Choi Chi Yeol has become increasingly aloof and irritable due to his growing success. However, their relationship is not without challenges. As they navigate the ups and downs of their personal and professional lives, they must learn to confront their own shortcomings and trust in each other's strengths. Will their love be enough to overcome the obstacles in their path? (Source: CK Warrior at MyDramaList; edited by MyDramaList)",일타 스캔들,"Curso Intensivo de Amor , Ilta Scandal , Iltaseukaendeul , Intensivão de Amor , One Hit Scandal , One Shot Scandal , Rychlokurz romantiky , Експрес-курс із романтики , Скандал одного дня , دورة مكثفة في الرومانسية , โรแมนซ์ฉบับเร่งรัด , 일타스캔들",15+ - Teens 15 or older,45840,8.3,1095,81842
191,2023,Twist Beauty (2023),5,99999,"Jun 7, 2023 - Oct 28, 2023",,14 min.,['Drama'],"['School Setting', 'Short Length Series', 'Miniseries', 'Web Series']",,반전미녀,Banjeonminyeo,Not Yet Rated,8,6.6,99999,20
192,2023,Na Ra the Socialite Wannabe (2023),4,99999,"Mar 17, 2023",Friday,20 min.,"['Romance', 'Life', 'Youth']","['Student Female Lead', 'Student Male Lead', 'School Setting', 'Teenager Female Lead', 'Teenager Male Lead', 'Miniseries', 'High School', 'Web Series', 'Friendship']",It tells the story of high school students who dream of becoming actors as they prepare for college admissions as film and theatre majors. (Source: Korean = Naver || Translation = MyDramaList),인싸가 되고 싶은 나라,"Insider Country , Inssaga Doego Sipeun Nara , Inssanara , Na Ra Who Wants to Become an Insider , Nara the Socialite Wannabe , Nara Who Wants to Become an Insider , 인싸나라",Not Yet Rated,0,0.0,99999,162
193,2023,Welcome to Samdal-ri (2023),16,117,"Dec 2, 2023 - Jan 21, 2024","Saturday, Sunday",1 hr. 10 min.,"['Comedy', 'Romance', 'Life', 'Drama']","['Healing', 'Return To Hometown', 'Friendship', 'Childhood Sweethearts', ""Sisters' Relationship"", 'Meet Again', 'Town Setting', 'Weather Forecaster Male Lead', 'Photographer Female Lead', ""Childhood Friends' Relationship""]","After losing his mother—who worked as a haenyeo (female diver who harvests sea life)—at a young age due to a mistaken weather report, Cho Yong Pil makes up his mind to become a weather forecaster and protect the elders of his hometown. However, his passion and refusal to let misinformation slide earns him a reputation at work as a stubborn troublemaker who isn’t afraid to argue with his boss. Cho Sam Dal grew up with Cho Yong Pil. Unlike Cho Yong Pil, content to remain in his hometown of Samdalri, Cho Sam Dal makes it her mission to get out of their small town and move to Seoul. After years of toiling away as an assistant in the fashion photography industry, Cho Sam Dal—who changes her name to Cho Eun Hye in Seoul—finally succeeds and makes it to the top. However, when everything she’s worked so hard to build comes crashing down in the blink of an eye, she returns to Samdalri, where people still know her as Sam Dal and not Eun Hye. Although Cho Yong Pil and Cho Sam Dal used to be joined at the hip when they were younger, the once inseparable friends are no longer in contact with one another due to an incident that drove them apart. When Cho Sam Dal returns to Samdalri, however, they find that the longtime affection they once had for one another comes rushing back. (Sources: Soompi; Netflix; edited by MyDramaList)",웰컴투 삼달리,"Benvenuti a Samdal-ri , Bun-venit în Samdal-ri , De Volta às Raízes , De Vuelta en Samdal-ri , Návrat do Samdal-ri , Retour à Samdal-ri , Üdvözöl Samdal-ri! , Welcome to Samdalri , Welkeomtu Samdalri , Добро пожаловать в Самдалри , Ласкаво просимо в Самдаль , الرجوع إلى سامدال",15+ - Teens 15 or older,57025,8.5,519,100774
194,2023,Delightfully Deceitful (2023),16,1174,"May 29, 2023 - Jul 18, 2023","Monday, Tuesday",1 hr. 2 min.,"['Comedy', 'Law', 'Crime', 'Drama']","['Revenge', 'Polar Opposites', 'Trauma', 'Swindler Female Lead', 'Teamwork', 'Smart Female Lead', 'Fraud', 'Breaking The Fourth Wall', 'Nice Male Lead', 'Lawyer Male Lead']","Clever con artist Lee Ro Um suffers from a distinct lack of empathy. One day, she is falsely implicated on charges of killing her estranged parents. She is exonerated after 10 years with the help of a passionate, highly empathetic lawyer, Han Moo Young. The two come to form an unlikely alliance to fight against wrongdoers and exact revenge on them. (Source: The Korea Times)",이로운 사기,"Beneficial Fraud , Deliciosamente Enganador , Iloun Sagi , Вигідне Шахрайство , Выгодная Афера , المحتالة المحبوبة",15+ - Teens 15 or older,6321,7.9,3280,21560
195,2023,My Happy Ending (2023),16,1704,"Dec 30, 2023 - Feb 25, 2024","Saturday, Sunday",1 hr. 10 min.,"['Thriller', 'Mystery', 'Psychological', 'Drama']","['Revenge', 'Fake Friend', 'Secret', 'Suspense', 'Investigation', 'Domestic Crime', 'Crime Against Morality', 'Emotionally Strong Female Lead', 'Evil Friend', 'Jealous Friend']","Seo Jae Won, a successful CEO and social media influencer, has a perfect life with a loving husband, Heo Soon Young, and a thriving business. She hires designer Yoon Teo as the general manager of design. Meanwhile, Kwon Yun Jin, a former university classmate of Jae Won, struggles with a divorce and fading career. As she reconnects with Jae Won, jealousy takes root. Jae Won's world unravels as she faces betrayal and uncovers hidden secrets from those she trusts. (Source: MyDramaList)",나의 해피엔드,"Haepiendeu , Happy End , Meu Final Feliz , My Happy End , Naeui Haepiendeu , 해피엔드",15+ - Teens 15 or older,4205,7.7,4894,14978
196,2023,Lies Hidden in My Garden (2023),8,1920,"Jun 19, 2023 - Jul 11, 2023","Monday, Tuesday",60 min.,"['Thriller', 'Mystery', 'Psychological', 'Drama']","['Rich Woman/Poor Woman', 'Post-traumatic Stress Disorder (PTSD)', 'Perfectionist Male Lead', 'Psychological Manipulation', 'Perfectionist Female Lead', 'Extortion', 'Gaslighting', 'Obsessive Male Lead', 'Depression', 'Domestic Violence']","Moon Ju Ran, a housewife married to a doctor, lives a peaceful life in her family’s wealthy home. Her routine is disrupted when she notices a strange smell in the backyard, prompting her to investigate her husband and meet Chu Sang Eun. Chu Sang Eun, from a poor background, lives in a shabby apartment with her abusive husband, Kim Yun Beom, who works for a pharmaceutical company. Her life is filled with hardship until she receives news of her husband's death. (Source: MyDramaList) ~~ Adapted from the novel ""Lies Hidden in My Backyard"" (마당이 있는 집) by Kim Jin Yeong (김진영).",마당이 있는 집,"A House with a Yard , Lies Hidden in My Backyard , Madangi Issneun Jib",15+ - Teens 15 or older,4051,7.7,4893,12962
197,2023,My Perfect Stranger (2023),16,594,"May 1, 2023 - Jun 20, 2023","Monday, Tuesday",1 hr. 10 min.,"['Mystery', 'Romance', 'Drama', 'Sci-Fi']","['Murder', 'Time Travel', 'Investigation', '1980s', 'Death', 'Calm Male Lead', 'Smart Male Lead', 'Age Gap [Drama Life]', 'News Presenter Male Lead', 'Editor Female Lead']","Yun Hae Jun, the youngest anchor at his broadcasting station, and Baek Yun Yeong, a publishing company employee who once dreamed of being a writer, travel back in time to 1987. In the past, Yun Hae Jun investigates a serial murder case, while Baek Yun Yeong tries to stop her parents' marriage. They soon discover their goals are linked. (Source: MyDramaList)","어쩌다 마주친, 그대","Bumped Into You , Eojjeoda Majuchin, Geudae , I Met You by Chance , Run Into You , Te Conheci por Acaso , You, Whom I Met By Chance , Мій ідеальний незнайомець , Мы Встретились Случайно , الغريب المثالي",15+ - Teens 15 or older,14683,8.6,364,37158
198,2023,Black Knight (2023),6,516,"May 12, 2023",Friday,42 min.,"['Action', 'Adventure', 'Drama', 'Sci-Fi']","['Skilled Fighter', 'Found Family', 'Discrimination', 'Dystopia', 'Post Apocalyptic', 'Competition', 'Physically Strong Female Lead', 'Emotionally Strong Male Lead', 'Class Conflict', 'Graphic Violence']","In 2071, toxic air pollution had devastated the world, leaving only 1% of the population alive. People rarely leave their homes without gas masks, and delivery drivers known as knights protect and deliver packages. One legendary knight, Knight 5-8, meets a young refugee named Sa Wol who dreams of becoming a knight. With the help of Seol A, an officer in the Defense Intelligence Command, Knight 5-8 trains and mentors Sa Wol, helping him achieve his dream in a dangerous and harsh world. (Source: CK Warrior at MyDramaList) ~~ Adapted from the webtoon ""Black Knight” (택배기사) by Lee Yoon Kyun (이윤균).",택배기사,"Black Night , Cavalerul în Negru , Courier , Delivery Driver , Delivery Knight , Rytíř v černém , Taegbaegisa , Лицар у чорному , Чёрный рыцарь , الفارس الأسود",15+ - Teens 15 or older,20516,8.2,1765,41252
199,2023,Decoy: Part 2 (2023),6,6065,"Apr 7, 2023 - Apr 21, 2023",Friday,58 min.,"['Thriller', 'Mystery', 'Crime', 'Drama']","['Criminal Male Lead', 'Detective Male Lead', 'Financial Scandal', 'Fraud', 'Corruption', 'Investigation', 'Criminal Organization', 'Pyramid Scheme', 'Ill Female Lead', 'Former Lawyer Male Lead']","Nearly a decade after a massive financial fraud rocked South Korea, its mastermind, Noh Sang Cheon, was thought to have died in mysterious circumstances while fleeing to China. However, new evidence suggests he is still alive, and a series of killings appear to be linked to him. Police officer and former lawyer Goo Do Han, along with reporter Cheon Na Yeon, investigate the murders, uncovering a web of cover-ups and botched police work. As the stakes rise, the truth behind Noh Sang Cheon’s involvement in the deaths remains unclear. (Source: MyDramaList)",미끼 파트2,"Bait 2 , Bait Season 2 , Beomjoeui Yeondaegi 2 , Beomjoeui Yeondaegi Sijeun 2 , Chronicles of Crime 2 , Chronicles of Crime Season 2 , Decoy 2 , Decoy Season 2 , Isca: Parte 2 , Mikki 2 , Mikki Sijeun 2 , 미끼 시즌2 , 미끼2 , 범죄의 연대기 시즌2 , 범죄의 연대기2",Not Yet Rated,965,7.8,3991,2664
200,2023,Can Noise Become ASMR? (2023),6,99999,"Apr 1, 2023 - May 6, 2023",Saturday,15 min.,"['Comedy', 'Romance']","['Short Length Series', 'Miniseries', 'Web Series']",Suo suffers from noise as soon as she starts living alone but is that person the culprit? (Source: Korean = gonegone_studio YouTube || Translation = MyDramaList),소음도 ASMR이 되나요?,Soeumdo ASMRi Doenayo?,Not Yet Rated,0,0.0,99999,9
201,2023,Between Space (2023),3,99999,"Jun 29, 2023 - Aug 10, 2023",,5 min.,"['Comedy', 'Romance', 'Drama']","['Short Length Series', 'Miniseries', 'Web Series']",,우주사이,Ujusai,Not Yet Rated,0,0.0,99999,8
202,2023,Doctor Cha (2023),16,619,"Apr 15, 2023 - Jun 4, 2023","Saturday, Sunday",60 min.,"['Life', 'Drama', 'Family', 'Medical']","['Starting Over', 'Hospital Setting', 'Rivals To Enemies', ""Unhealthy Mains' Relationship"", 'Extramarital Affair', 'Loveless Marriage', 'Family Relationship', 'Second Chance', 'Mean Male Lead', 'Rivalry']","Cha Jung Sook is married to Seo In Ho, who works as a chief surgeon at a university hospital. He has a strict, sensitive, and thoroughgoing personality. Cha Jung Sook has been a full-time housewife for 20 years, giving up her career as a doctor during her medical resident years. After all those years, she decides to restart her medical resident course. (Source: AsianWiki)",닥터 차정숙,"Dakteo Cha Jeong Suk , Doctor Cha Jeong Suk , Doctor Cha Jung Sook , Dr. Cha Jung Sook",15+ - Teens 15 or older,19664,8.1,2226,35883
203,2023,"Poong, the Joseon Psychiatrist Season 2 (2023)",10,3089,"Jan 11, 2023 - Feb 9, 2023","Wednesday, Thursday",1 hr. 15 min.,"['Historical', 'Mystery', 'Romance', 'Medical']","['Doctor Female Lead', 'Doctor Male Lead', 'Traditional Medicine', 'Found Family', 'Historical Fiction', 'Slow Romance', 'Joseon Dynasty', 'Investigation', 'Slight Comedy', 'Mental Illness']","Once a royal physician, Yoo Se Poong was ousted from the palace after his involvement in a conspiracy surrounding the royal family. With nowhere else to go, Se Poong eventually found himself in the strange yet beautiful village of Gyesu. It was there he met Seo Eun Woo and Gye Ji Han and his life was changed forever. With the help of his new friends, Se Poong began to grow as both a physician and a human. Learning how to not only treat the body but also the heart and minds of his patients, Se Poong successfully fulfilled his mission to become a true doctor. Or so he thought. With new patients and new challenges before him, Se Poong must once again set out on a quest to better both himself and the lives of those around him. Using his unorthodox methods to treat his patients, both mentally and physically, will Se Poong’s new adventures lead him to an even deeper understanding of both the heart and the mind? (Source: Viki) ~~ Adapted from the novel ""Joseon Psychiatrist Yoo Se Pung"" (조선 정신과 의사 유세풍) by Lee Eun So (이은소).",조선 정신과 의사 유세풍 시즌 2,"Poong, el psiquiatra de Joseon Temporada 2 , Poong, o psiquiatra Joseon 2 , Poong, the Joseon Psychiatrist 2 , Poong, the Joseon Psychiatrist ซีซั่น 2 , بونغ، طبيب جوسون النفسي الموسم الثاني",Not Yet Rated,2455,8.0,2755,7218
204,2023,Mukeo Bar (2023),5,99999,"Mar 20, 2023 - Apr 17, 2023",Monday,8 min.,"['Comedy', 'Life']","['Restaurant Setting', 'Restaurant Management', 'Short Length Series', 'Miniseries', 'Web Series']","""Mukeo Bar"" is a sitcom webdrama about a group of normal adults in their mid-30s running a restaurant. It comedically shows the lives of normal adults. (Source: MyDramaList)",먹어BAR,Eat Bar,Not Yet Rated,4,7.6,99999,78
205,2023,The Elegant Empire (2023),105,6727,"Aug 7, 2023 - Jan 19, 2024","Monday, Tuesday, Wednesday, Thursday, Friday",40 min.,"['Romance', 'Drama']","['Married Female Lead', 'Married Male Lead', 'Secret', 'Entertainment Industry', 'Revenge', 'Rich Male Lead', 'Difficult Adulthood', 'Chairman Male Lead', 'Actor Male Lead', 'Family Separation']","Gi Yun is a clever and good-looking chairman of WJ Entertainment. He is a rich romanticist of the century who seems perfect on the outside, but he is also an ambitious man with a dark secret that he cannot tell others. His wife, Sin Ju Gyeong, was able to rise from poverty by marrying Gi Yun, just like Cinderella from the fairytale. She is a perfect mother and a lovely wife with a great career until an unexpected incident steals everything away from her. Jung U Hyeok, a rookie actor at NA Entertainment who continues his acting career after overcoming the misery of his incompetent agency, misses his mentor, Ju Gyeong, who suddenly disappeared. At the moment, Seo Hui Jae, who looks just like Ju Gyeong, walks into NA Entertainment. U Hyeok gets confused when he sees Hee Jae, and she intentionally approaches Gi Yun. Who destroyed her life, and how will she get back the perfect life she lost? (Source: Kocowa+)",우아한 제국,"Uahan Jeguk , Elegant Empire",15+ - Teens 15 or older,296,6.7,12133,2250
206,2023,Rinza Noodle House (2023),11,23255,"Apr 5, 2023 - May 31, 2023",Wednesday,,"['Romance', 'Fantasy']",['Web Series'],"Rinza Noodle House is an out-of-body fantasy romance in which Da Na, a person with the ability to leave her body, travels between the world of the living and the world of the dead to protect her father's legacy and keep the Rinza Noodle House from going out of business. (Source: Korean = joynews24.com || Translation = MyDramaList)",린자면옥,Rinjamyeonok,13+ - Teens 13 or older,6,5.2,39025,210
207,2023,Sweet Home Season 2 (2023),8,255,"Dec 1, 2023",Friday,1 hr. 11 min.,"['Action', 'Horror', 'Drama', 'Sci-Fi']","['Survival', 'Apocalypse', 'Supernatural', 'Dystopia', 'Death', 'Monster', 'Gore', 'Psychological', 'Supernatural Phenomena', 'Mutant']","Residents of Green Home Apartments, including Cha Hyun Soo, fight against monsters to leave their base and venture out into the world. At a baseball stadium, survivors from all over begin to live together. They are threatened by the monsters outside and also by the monstrous desires of the people among them. (Source: AsianWiki) ~~ Adapted from the webtoon “Sweet Home” (스위트홈) by Kim Carnby (김칸비) and Hwang Young Chan (황영찬).",스위트홈 시즌2,"Seuwiteuhom 2 , Seuwiteuhom Sijeun 2 , Sweet Home 2 , 스위트홈2",18+ Restricted (violence & profanity),37557,8.0,2620,64150
208,2023,Our Game: LG Twins (2023),8,99999,"Mar 30, 2023 - Apr 27, 2023",,45 min.,"['Sports', 'Documentary']","['Miniseries', 'Baseball']","""Our Game"" is a sports documentary, which records the baseball team LG Twins during their 2022 season. (Source: MyDramaList)",아워게임 : LG트윈스,Awogeim: LG Teuwonseu,G - All Ages,0,0.0,99999,12
209,2023,My Lovely Boxer (2023),12,2039,"Aug 21, 2023 - Oct 2, 2023","Monday, Tuesday",1 hr. 10 min.,"['Romance', 'Youth', 'Drama', 'Sports']","['Boxer Female Lead', 'Boxing', 'Age Gap [Real Life]', 'Age Gap [Drama Life]', 'Competition', 'Selfish Parent', 'Cruel Male Lead', ""Bickering Mains' Relationship"", 'Former Athlete Supporting Character', 'Former Athlete Female Lead']","Kim Tae Young is a cold-blooded sports agent. He draws talented players into the sports field and makes as much money from them in a short period of time, before they burn out. One of his clients is Kim Hee Won. He is an excellent baseball pitcher and, unlike his other clients, he also means something to Kim Tae Young. For Kim Hee Won, who is in a difficult situation, Kim Tae Young receives a task to bring female boxer Lee Kwon Sook back to the boxing ring. 3 years ago, Lee Kwon Sook emerged as an elite boxer at the age of 17. She was undefeated in all of her matches and she brought popularity to the sport. Suddenly, Lee Kwon Sook disappeared. For Kim Hee Won, Kim Tae Young approaches Lee Kwon Sook, who has started a new life away from boxing. (Source: AsianWiki) ~~ Adapted from the novel ""Sunjeongbokseo Ikwonsuk"" (순정복서 이권숙) by Choo Jong Nam (추종남).",순정복서,"Minha Adorável Boxeadora , My Lovely Boxer, Kwonsook , Pure Boxer , Pure Boxer Lee Kwon Suk , Sunjeongbokseo , Sunjeongbokseo Ikwonsuk , Невинный боксер , 純情拳擊手 , 순정복서 이권숙",15+ - Teens 15 or older,3528,7.8,3958,11898
210,2023,Strong Underdog (2023),6,10359,"Apr 17, 2023 - May 27, 2023",,22 min.,"['Action', 'Comedy', 'Youth']","['Bully Male Lead', 'Bullied Male Lead', 'Slight Romance', 'Mixed Martial Arts', 'Miniseries', 'High School', 'Nice Male Lead', 'School Bullying', 'Mentor-Mentee Relationship', 'Transfer Student Supporting Character']","Jung Woo, a bullied high school student, struggles to endure daily torment. When Jae Seong organizes a fighting tournament for the school's weakest students, Jung Woo becomes an unwilling participant. Determined to survive, he trains at the gym, drawing strength and inspiration from Min Ah, a new transfer student. (Source: MyDramaList)","셔틀, 최강의 셔틀","Syeoteul, Choegangui Syeoteul , 셔틀: 최강의 셔틀",13+ - Teens 13 or older,333,7.2,9745,1056
211,2023,Pandora: Beneath the Paradise (2023),16,2616,"Mar 11, 2023 - Apr 30, 2023","Saturday, Sunday",1 hr. 2 min.,"['Action', 'Thriller', 'Drama', 'Melodrama']","['Physically Strong Female Lead', 'Dishonest Male Lead', 'Evil Step-Parent', 'Evil Parent', 'Broadcasting Industry', 'Mistaken To Be Betrayed', 'Protective Female Lead', 'Married Supporting Character', 'Married Female Lead', 'Married Male Lead']","To protect her family, Hong Tae Ra must become the First Lady of Korea. She leads a perfect life with her husband, Pyo Jae Hyun, and their daughter, but she has no memory of her past. When she regains her memory, she uncovers a dark history that shatters her life. Now, she must seek revenge on those who wronged her. Pyo Jae Hyun, a brilliant developer of neural smart patch technology, is admired for his leadership and sensible personality. As whispers of his potential presidential candidacy grow, his life becomes intertwined with the political world. (Source: MyDramaList)",판도라: 조작된 낙원,"First Lady , Lady , Pandora: A Fabricated Paradise , Pandora: Al di là del Paradiso , Pandora: Além do Paraíso , Pandora: Jojakdoen Nakwon , Pandora: Poza granicą raju , Peoseuteureidi , Reidi , 레이디 , 퍼스트레이디",15+ - Teens 15 or older,2312,7.4,7854,8876
212,2023,Han River Police (2023),6,3343,"Sep 13, 2023 - Sep 27, 2023",Wednesday,55 min.,"['Action', 'Thriller', 'Mystery', 'Comedy']","['Maritime Police Officer Supporting Character', 'Maritime Police Officer Female Lead', 'Maritime Police Officer Male Lead', 'Police Captain Male Lead', 'Sergeant Supporting Character', 'Police Officer Male Lead', 'Rescue Mission', 'Age Gap [Drama Life]', 'Age Gap [Real Life]', 'Easy-going Male Lead']","Stuck together on patrol of Seoul’s Han River, the two officers are faced with emergency situations ranging from terrorism to everyday accidents and other incidents requiring emergency assistance, a premise that suggests all of the action, humor and offbeat crime-solving of the classic buddy cop genre. (Source: laughingplace.com)",한강,"Han River , Hangang , Patrulha do Rio Han",15+ - Teens 15 or older,2096,7.3,8522,6484
